OP_UNIQUE_CARRIER,ORIGIN,DEST,CANCELLED,DISTANCE_GROUP
9E,EWR,CVG,1.00,3
9E,EWR,CVG,1.00,3
9E,CVG,EWR,1.00,3
9E,EWR,CVG,1.00,3
9E,EWR,CVG,1.00,3
9E,CVG,EWR,1.00,3
9E,EWR,CVG,1.00,3
9E,CVG,EWR,1.00,3
9E,EWR,CVG,1.00,3
9E,CVG,EWR,1.00,3
9E,EWR,MSP,1.00,5
9E,MSP,EWR,1.00,5
9E,CVG,EWR,1.00,3
9E,CVG,EWR,1.00,3
AA,EWR,MIA,1.00,5
AA,DFW,EWR,0.00,6
AA,DFW,EWR,0.00,6
AA,DFW,EWR,0.00,6
AA,DFW,EWR,1.00,6
AA,DFW,EWR,1.00,6
AA,DFW,EWR,1.00,6
AA,EWR,DFW,1.00,6
AA,EWR,DFW,1.00,6
AA,EWR,DFW,0.00,6
AA,EWR,DFW,1.00,6
AA,EWR,DFW,1.00,6
AA,EWR,DFW,1.00,6
AA,DFW,EWR,1.00,6
AA,DFW,EWR,0.00,6
AA,DFW,EWR,1.00,6
AA,DFW,EWR,0.00,6
AA,DFW,EWR,1.00,6
AA,DFW,EWR,1.00,6
AA,DFW,EWR,1.00,6
AA,DFW,EWR,1.00,6
AA,DFW,EWR,1.00,6
AA,EWR,ORD,1.00,3
AA,EWR,CLT,0.00,3
AA,EWR,CLT,1.00,3
AA,EWR,CLT,0.00,3
AA,EWR,CLT,0.00,3
AA,EWR,CLT,1.00,3
AA,EWR,CLT,1.00,3
AA,EWR,CLT,1.00,3
AA,EWR,CLT,1.00,3
AA,EWR,CLT,1.00,3
AA,EWR,CLT,1.00,3
AA,EWR,CLT,1.00,3
AA,EWR,CLT,1.00,3
AA,EWR,CLT,1.00,3
AA,DFW,EWR,1.00,6
AA,DFW,EWR,1.00,6
AA,DFW,EWR,1.00,6
AA,DFW,EWR,0.00,6
AA,DFW,EWR,1.00,6
AA,DFW,EWR,1.00,6
AA,DFW,EWR,1.00,6
AA,DFW,EWR,1.00,6
AA,DFW,EWR,1.00,6
AA,DFW,EWR,1.00,6
AA,DFW,EWR,1.00,6
AA,DFW,EWR,1.00,6
AA,MIA,EWR,0.00,5
AA,MIA,EWR,1.00,5
AA,MIA,EWR,1.00,5
AA,MIA,EWR,1.00,5
AA,MIA,EWR,0.00,5
AA,MIA,EWR,1.00,5
AA,MIA,EWR,1.00,5
AA,MIA,EWR,1.00,5
AA,MIA,EWR,1.00,5
AA,MIA,EWR,1.00,5
AA,MIA,EWR,1.00,5
AA,MIA,EWR,1.00,5
AA,EWR,MIA,0.00,5
AA,EWR,MIA,0.00,5
AA,EWR,MIA,1.00,5
AA,EWR,MIA,1.00,5
AA,EWR,MIA,0.00,5
AA,EWR,MIA,0.00,5
AA,CLT,EWR,1.00,3
AA,CLT,EWR,1.00,3
AA,CLT,EWR,0.00,3
AA,CLT,EWR,1.00,3
AA,CLT,EWR,1.00,3
AA,CLT,EWR,1.00,3
AA,CLT,EWR,1.00,3
AA,CLT,EWR,1.00,3
AA,CLT,EWR,0.00,3
AA,CLT,EWR,0.00,3
AA,CLT,EWR,0.00,3
AA,CLT,EWR,0.00,3
AA,CLT,EWR,0.00,3
AA,CLT,EWR,0.00,3
AA,CLT,EWR,1.00,3
AA,CLT,EWR,1.00,3
AA,CLT,EWR,1.00,3
AA,EWR,CLT,0.00,3
AA,EWR,CLT,1.00,3
AA,EWR,CLT,0.00,3
AA,EWR,CLT,1.00,3
AA,EWR,CLT,1.00,3
AA,EWR,CLT,1.00,3
AA,EWR,CLT,1.00,3
AA,EWR,CLT,1.00,3
AA,EWR,CLT,0.00,3
AA,EWR,CLT,0.00,3
AA,EWR,CLT,0.00,3
AA,EWR,CLT,0.00,3
AA,EWR,CLT,0.00,3
AA,EWR,CLT,0.00,3
AA,EWR,CLT,1.00,3
AA,EWR,CLT,1.00,3
AA,EWR,CLT,1.00,3
AA,CLT,EWR,0.00,3
AA,CLT,EWR,0.00,3
AA,CLT,EWR,0.00,3
AA,CLT,EWR,0.00,3
AA,CLT,EWR,1.00,3
AA,CLT,EWR,1.00,3
AA,CLT,EWR,1.00,3
AA,CLT,EWR,1.00,3
AA,CLT,EWR,1.00,3
AA,CLT,EWR,1.00,3
AA,CLT,EWR,1.00,3
AA,EWR,DFW,1.00,6
AA,EWR,DFW,0.00,6
AA,EWR,DFW,0.00,6
AA,EWR,DFW,1.00,6
AA,EWR,DFW,0.00,6
AA,EWR,DFW,1.00,6
AA,EWR,DFW,1.00,6
AA,EWR,DFW,1.00,6
AA,EWR,DFW,1.00,6
AA,EWR,DFW,1.00,6
AA,EWR,DFW,1.00,6
AA,EWR,ORD,1.00,3
AA,EWR,ORD,1.00,3
AA,EWR,ORD,0.00,3
AA,EWR,ORD,1.00,3
AA,EWR,ORD,0.00,3
AA,EWR,ORD,1.00,3
AA,EWR,ORD,1.00,3
AA,EWR,ORD,1.00,3
AA,EWR,ORD,1.00,3
AA,EWR,ORD,1.00,3
AA,EWR,ORD,1.00,3
AA,EWR,ORD,1.00,3
AA,EWR,ORD,1.00,3
AA,EWR,ORD,1.00,3
AA,MIA,EWR,0.00,5
AA,MIA,EWR,0.00,5
AA,MIA,EWR,0.00,5
AA,MIA,EWR,0.00,5
AA,MIA,EWR,0.00,5
AA,MIA,EWR,1.00,5
AA,EWR,MIA,0.00,5
AA,EWR,MIA,1.00,5
AA,EWR,MIA,0.00,5
AA,EWR,MIA,0.00,5
AA,EWR,MIA,0.00,5
AA,EWR,MIA,0.00,5
AA,EWR,MIA,1.00,5
AA,EWR,MIA,1.00,5
AA,EWR,MIA,1.00,5
AA,EWR,MIA,1.00,5
AA,EWR,MIA,1.00,5
AA,EWR,MIA,1.00,5
AA,EWR,MIA,1.00,5
AA,EWR,MIA,1.00,5
AA,MIA,EWR,0.00,5
AA,MIA,EWR,1.00,5
AA,MIA,EWR,0.00,5
AA,MIA,EWR,1.00,5
AA,MIA,EWR,0.00,5
AA,MIA,EWR,0.00,5
AA,MIA,EWR,1.00,5
AA,MIA,EWR,1.00,5
AA,MIA,EWR,1.00,5
AA,MIA,EWR,1.00,5
AA,MIA,EWR,1.00,5
AA,MIA,EWR,1.00,5
AA,MIA,EWR,1.00,5
AA,MIA,EWR,1.00,5
AA,EWR,MIA,1.00,5
AA,MIA,EWR,1.00,5
AA,EWR,MIA,1.00,5
AA,EWR,MIA,1.00,5
AA,MIA,EWR,1.00,5
AA,MIA,EWR,1.00,5
AA,EWR,DFW,1.00,6
AA,EWR,DFW,1.00,6
AA,EWR,DFW,0.00,6
AA,EWR,DFW,0.00,6
AA,EWR,DFW,0.00,6
AA,EWR,DFW,0.00,6
AA,EWR,DFW,1.00,6
AA,EWR,DFW,1.00,6
AA,EWR,DFW,1.00,6
AA,EWR,DFW,1.00,6
AA,EWR,DFW,1.00,6
AA,EWR,DFW,1.00,6
AA,EWR,DFW,1.00,6
AA,EWR,MIA,1.00,5
AA,EWR,MIA,0.00,5
AA,EWR,MIA,0.00,5
AA,EWR,MIA,1.00,5
AA,EWR,MIA,1.00,5
AA,EWR,MIA,1.00,5
AA,EWR,MIA,1.00,5
AA,EWR,MIA,1.00,5
AA,EWR,MIA,1.00,5
AA,EWR,MIA,1.00,5
AA,EWR,MIA,1.00,5
AA,EWR,MIA,1.00,5
AA,ORD,EWR,1.00,3
AA,ORD,EWR,1.00,3
AA,ORD,EWR,0.00,3
AA,ORD,EWR,0.00,3
AA,ORD,EWR,0.00,3
AA,ORD,EWR,0.00,3
AA,ORD,EWR,1.00,3
AA,ORD,EWR,1.00,3
AA,ORD,EWR,1.00,3
AA,ORD,EWR,1.00,3
AA,ORD,EWR,1.00,3
AA,CLT,EWR,0.00,3
AA,CLT,EWR,0.00,3
AA,CLT,EWR,0.00,3
AA,CLT,EWR,0.00,3
AA,CLT,EWR,0.00,3
AA,CLT,EWR,1.00,3
AA,CLT,EWR,1.00,3
AA,CLT,EWR,1.00,3
AA,CLT,EWR,1.00,3
AA,CLT,EWR,1.00,3
AA,CLT,EWR,1.00,3
AA,CLT,EWR,1.00,3
AA,CLT,EWR,1.00,3
AA,CLT,EWR,1.00,3
AA,EWR,PHX,0.00,9
AA,EWR,PHX,0.00,9
AA,EWR,PHX,0.00,9
AA,EWR,PHX,0.00,9
AA,EWR,PHX,0.00,9
AA,EWR,PHX,1.00,9
AA,ORD,EWR,1.00,3
AA,ORD,EWR,1.00,3
AA,ORD,EWR,1.00,3
AA,ORD,EWR,0.00,3
AA,ORD,EWR,0.00,3
AA,ORD,EWR,1.00,3
AA,CLT,EWR,1.00,3
AA,CLT,EWR,1.00,3
AA,CLT,EWR,0.00,3
AA,CLT,EWR,0.00,3
AA,EWR,CLT,0.00,3
AA,EWR,CLT,0.00,3
AA,EWR,CLT,0.00,3
AA,EWR,CLT,1.00,3
AA,EWR,PHX,1.00,9
AA,EWR,PHX,1.00,9
AA,EWR,PHX,0.00,9
AA,EWR,PHX,0.00,9
AA,EWR,PHX,1.00,9
AA,EWR,PHX,0.00,9
AA,CLT,EWR,0.00,3
AA,CLT,EWR,0.00,3
AA,CLT,EWR,0.00,3
AA,CLT,EWR,0.00,3
AA,CLT,EWR,1.00,3
AA,CLT,EWR,1.00,3
AA,CLT,EWR,1.00,3
AA,CLT,EWR,1.00,3
AA,CLT,EWR,1.00,3
AA,CLT,EWR,1.00,3
AA,CLT,EWR,1.00,3
AA,CLT,EWR,1.00,3
AA,CLT,EWR,1.00,3
AA,EWR,CLT,0.00,3
AA,EWR,CLT,1.00,3
AA,EWR,CLT,0.00,3
AA,EWR,CLT,0.00,3
AA,EWR,CLT,1.00,3
AA,EWR,CLT,1.00,3
AA,EWR,CLT,1.00,3
AA,EWR,CLT,1.00,3
AA,EWR,CLT,1.00,3
AA,EWR,CLT,1.00,3
AA,DFW,EWR,0.00,6
AA,DFW,EWR,0.00,6
AA,DFW,EWR,1.00,6
AA,DFW,EWR,0.00,6
AA,DFW,EWR,1.00,6
AA,DFW,EWR,0.00,6
AA,DFW,EWR,0.00,6
AA,DFW,EWR,0.00,6
AA,DFW,EWR,0.00,6
AA,DFW,EWR,0.00,6
AA,DFW,EWR,0.00,6
AA,DFW,EWR,0.00,6
AA,DFW,EWR,0.00,6
AA,DFW,EWR,0.00,6
AA,DFW,EWR,0.00,6
AA,DFW,EWR,0.00,6
AA,DFW,EWR,0.00,6
AA,DFW,EWR,0.00,6
AA,DFW,EWR,0.00,6
AA,DFW,EWR,0.00,6
AA,DFW,EWR,0.00,6
AA,DFW,EWR,0.00,6
AA,DFW,EWR,0.00,6
AA,DFW,EWR,0.00,6
AA,DFW,EWR,0.00,6
AA,DFW,EWR,0.00,6
AA,EWR,DFW,0.00,6
AA,EWR,DFW,0.00,6
AA,EWR,DFW,1.00,6
AA,EWR,DFW,0.00,6
AA,EWR,DFW,0.00,6
AA,EWR,DFW,1.00,6
AA,EWR,DFW,0.00,6
AA,EWR,DFW,0.00,6
AA,EWR,DFW,0.00,6
AA,EWR,DFW,0.00,6
AA,EWR,DFW,0.00,6
AA,EWR,DFW,0.00,6
AA,EWR,DFW,0.00,6
AA,EWR,DFW,0.00,6
AA,EWR,DFW,0.00,6
AA,EWR,DFW,0.00,6
AA,EWR,DFW,0.00,6
AA,EWR,DFW,0.00,6
AA,EWR,DFW,0.00,6
AA,EWR,DFW,0.00,6
AA,EWR,DFW,0.00,6
AA,EWR,DFW,0.00,6
AA,EWR,DFW,0.00,6
AA,EWR,DFW,0.00,6
AA,EWR,DFW,0.00,6
AA,EWR,DFW,0.00,6
AA,EWR,DFW,0.00,6
AA,EWR,DFW,0.00,6
AA,PHX,EWR,1.00,9
AA,PHX,EWR,1.00,9
AA,PHX,EWR,0.00,9
AA,PHX,EWR,0.00,9
AA,PHX,EWR,0.00,9
AA,PHX,EWR,1.00,9
AA,CLT,EWR,0.00,3
AA,CLT,EWR,1.00,3
AA,CLT,EWR,0.00,3
AA,CLT,EWR,0.00,3
AA,CLT,EWR,1.00,3
AA,CLT,EWR,0.00,3
AA,CLT,EWR,0.00,3
AA,CLT,EWR,1.00,3
AA,CLT,EWR,1.00,3
AA,CLT,EWR,0.00,3
AA,CLT,EWR,0.00,3
AA,CLT,EWR,0.00,3
AA,CLT,EWR,0.00,3
AA,CLT,EWR,0.00,3
AA,CLT,EWR,0.00,3
AA,CLT,EWR,0.00,3
AA,EWR,CLT,1.00,3
AA,EWR,CLT,1.00,3
AA,EWR,CLT,0.00,3
AA,EWR,CLT,0.00,3
AA,EWR,CLT,0.00,3
AA,EWR,CLT,0.00,3
AA,EWR,CLT,0.00,3
AA,EWR,CLT,1.00,3
AA,EWR,CLT,1.00,3
AA,EWR,CLT,0.00,3
AA,EWR,CLT,0.00,3
AA,EWR,CLT,0.00,3
AA,EWR,CLT,0.00,3
AA,EWR,CLT,0.00,3
AA,EWR,CLT,0.00,3
AA,EWR,CLT,0.00,3
AA,EWR,MIA,0.00,5
AA,EWR,MIA,1.00,5
AA,EWR,MIA,0.00,5
AA,EWR,MIA,0.00,5
AA,EWR,MIA,1.00,5
AA,EWR,MIA,1.00,5
AA,EWR,MIA,1.00,5
AA,EWR,MIA,1.00,5
AA,EWR,MIA,1.00,5
AA,EWR,MIA,1.00,5
AA,EWR,MIA,1.00,5
AA,MIA,EWR,0.00,5
AA,MIA,EWR,0.00,5
AA,MIA,EWR,0.00,5
AA,MIA,EWR,0.00,5
AA,MIA,EWR,1.00,5
AA,MIA,EWR,1.00,5
AA,MIA,EWR,1.00,5
AA,MIA,EWR,1.00,5
AA,MIA,EWR,1.00,5
AA,MIA,EWR,1.00,5
AA,MIA,EWR,1.00,5
AA,CLT,EWR,1.00,3
AA,CLT,EWR,0.00,3
AA,CLT,EWR,0.00,3
AA,CLT,EWR,1.00,3
AA,CLT,EWR,1.00,3
AA,CLT,EWR,1.00,3
AA,CLT,EWR,1.00,3
AA,EWR,CLT,1.00,3
AA,EWR,CLT,0.00,3
AA,EWR,CLT,0.00,3
AA,EWR,CLT,0.00,3
AA,EWR,CLT,1.00,3
AA,EWR,CLT,1.00,3
AA,EWR,CLT,1.00,3
AA,EWR,CLT,1.00,3
AA,EWR,CLT,1.00,3
AA,EWR,CLT,1.00,3
AA,EWR,CLT,0.00,3
AA,EWR,CLT,1.00,3
AA,EWR,CLT,0.00,3
AA,EWR,CLT,0.00,3
AA,EWR,CLT,1.00,3
AA,EWR,CLT,1.00,3
AA,EWR,CLT,1.00,3
AA,EWR,CLT,1.00,3
AA,EWR,CLT,1.00,3
AA,EWR,CLT,1.00,3
AA,EWR,CLT,1.00,3
AA,EWR,CLT,1.00,3
AA,PHX,EWR,1.00,9
AA,PHX,EWR,0.00,9
AA,PHX,EWR,1.00,9
AA,PHX,EWR,0.00,9
AA,PHX,EWR,1.00,9
AA,PHX,EWR,0.00,9
AA,PHX,EWR,0.00,9
AA,PHX,EWR,0.00,9
AA,PHX,EWR,0.00,9
AA,PHX,EWR,0.00,9
AA,PHX,EWR,0.00,9
AA,PHX,EWR,1.00,9
AA,EWR,PHX,0.00,9
AA,EWR,PHX,0.00,9
AA,EWR,PHX,1.00,9
AA,EWR,PHX,0.00,9
AA,EWR,PHX,0.00,9
AA,EWR,PHX,0.00,9
AA,EWR,PHX,1.00,9
AA,ORD,EWR,1.00,3
AA,ORD,EWR,1.00,3
AA,ORD,EWR,1.00,3
AA,ORD,EWR,1.00,3
AA,ORD,EWR,1.00,3
AA,ORD,EWR,1.00,3
AA,ORD,EWR,1.00,3
AA,ORD,EWR,1.00,3
AA,ORD,EWR,1.00,3
AA,EWR,CLT,0.00,3
AA,EWR,CLT,0.00,3
AA,EWR,CLT,0.00,3
AA,EWR,CLT,0.00,3
AA,EWR,CLT,0.00,3
AA,EWR,CLT,0.00,3
AA,EWR,CLT,1.00,3
AA,EWR,CLT,1.00,3
AA,EWR,CLT,1.00,3
AA,EWR,CLT,1.00,3
AA,EWR,CLT,1.00,3
AA,EWR,CLT,1.00,3
AA,EWR,CLT,1.00,3
AA,EWR,CLT,1.00,3
AA,EWR,CLT,0.00,3
AA,EWR,CLT,1.00,3
AA,EWR,CLT,1.00,3
AA,EWR,CLT,1.00,3
AA,EWR,CLT,0.00,3
AA,EWR,CLT,1.00,3
AA,EWR,CLT,1.00,3
AA,EWR,CLT,1.00,3
AA,EWR,CLT,1.00,3
AA,EWR,CLT,1.00,3
AA,EWR,CLT,1.00,3
AA,EWR,ORD,1.00,3
AA,EWR,ORD,1.00,3
AA,EWR,ORD,1.00,3
AA,EWR,ORD,0.00,3
AA,EWR,ORD,0.00,3
AA,EWR,ORD,0.00,3
AA,EWR,ORD,1.00,3
AA,EWR,ORD,0.00,3
AA,EWR,ORD,1.00,3
AA,EWR,ORD,1.00,3
AA,EWR,ORD,1.00,3
AA,CLT,EWR,1.00,3
AA,CLT,EWR,1.00,3
AA,CLT,EWR,0.00,3
AA,CLT,EWR,1.00,3
AA,CLT,EWR,0.00,3
AA,CLT,EWR,1.00,3
AA,CLT,EWR,1.00,3
AA,CLT,EWR,1.00,3
AA,CLT,EWR,1.00,3
AA,CLT,EWR,1.00,3
AA,CLT,EWR,1.00,3
AA,CLT,EWR,1.00,3
AA,EWR,DFW,1.00,6
AA,EWR,DFW,0.00,6
AA,EWR,DFW,1.00,6
AA,EWR,DFW,1.00,6
AA,EWR,DFW,0.00,6
AA,EWR,DFW,1.00,6
AA,EWR,DFW,1.00,6
AA,DFW,EWR,1.00,6
AA,DFW,EWR,0.00,6
AA,DFW,EWR,0.00,6
AA,DFW,EWR,1.00,6
AA,DFW,EWR,0.00,6
AA,DFW,EWR,1.00,6
AA,DFW,EWR,1.00,6
AA,DFW,EWR,1.00,6
AA,DFW,EWR,1.00,6
AA,DFW,EWR,1.00,6
AA,DFW,EWR,1.00,6
AA,CLT,EWR,1.00,3
AA,CLT,EWR,1.00,3
AA,CLT,EWR,0.00,3
AA,CLT,EWR,1.00,3
AA,CLT,EWR,0.00,3
AA,CLT,EWR,1.00,3
AA,CLT,EWR,1.00,3
AA,CLT,EWR,1.00,3
AA,CLT,EWR,1.00,3
AA,CLT,EWR,1.00,3
AA,CLT,EWR,1.00,3
AA,CLT,EWR,1.00,3
AA,CLT,EWR,1.00,3
AA,CLT,EWR,1.00,3
AS,SEA,EWR,0.00,10
AS,EWR,SEA,1.00,10
AS,SEA,EWR,0.00,10
AS,EWR,PDX,0.00,10
AS,PDX,EWR,0.00,10
AS,SFO,EWR,1.00,11
AS,EWR,LAX,0.00,10
AS,EWR,SFO,0.00,11
AS,EWR,SJC,1.00,11
AS,LAX,EWR,1.00,10
AS,SAN,EWR,0.00,10
AS,EWR,SAN,1.00,10
AS,SJC,EWR,1.00,11
AS,EWR,SEA,0.00,10
AS,SEA,EWR,1.00,10
AS,EWR,SEA,1.00,10
AS,SEA,EWR,0.00,10
AS,EWR,PDX,1.00,10
AS,PDX,EWR,1.00,10
AS,SFO,EWR,0.00,11
AS,EWR,LAX,0.00,10
AS,EWR,SFO,1.00,11
AS,EWR,SJC,0.00,11
AS,LAX,EWR,0.00,10
AS,SAN,EWR,1.00,10
AS,EWR,SAN,1.00,10
AS,SJC,EWR,1.00,11
AS,EWR,SEA,0.00,10
AS,SEA,EWR,1.00,10
AS,EWR,SEA,1.00,10
AS,SEA,EWR,0.00,10
AS,EWR,PDX,1.00,10
AS,PDX,EWR,0.00,10
AS,SFO,EWR,1.00,11
AS,EWR,LAX,0.00,10
AS,EWR,SFO,0.00,11
AS,EWR,SJC,1.00,11
AS,LAX,EWR,0.00,10
AS,SAN,EWR,1.00,10
AS,EWR,SAN,1.00,10
AS,SJC,EWR,1.00,11
AS,EWR,SEA,0.00,10
AS,SEA,EWR,1.00,10
AS,EWR,SEA,0.00,10
AS,SEA,EWR,1.00,10
AS,EWR,PDX,1.00,10
AS,PDX,EWR,0.00,10
AS,SFO,EWR,0.00,11
AS,EWR,LAX,0.00,10
AS,EWR,SFO,0.00,11
AS,LAX,EWR,0.00,10
AS,SAN,EWR,0.00,10
AS,EWR,SAN,0.00,10
AS,EWR,SEA,0.00,10
AS,SEA,EWR,0.00,10
AS,EWR,SEA,0.00,10
AS,SEA,EWR,1.00,10
AS,EWR,PDX,1.00,10
AS,PDX,EWR,1.00,10
AS,EWR,LAX,1.00,10
AS,EWR,SJC,1.00,11
AS,LAX,EWR,0.00,10
AS,SAN,EWR,1.00,10
AS,EWR,SAN,0.00,10
AS,SJC,EWR,1.00,11
AS,EWR,SEA,1.00,10
AS,SEA,EWR,0.00,10
AS,EWR,SEA,1.00,10
AS,EWR,PDX,0.00,10
AS,PDX,EWR,1.00,10
AS,SFO,EWR,1.00,11
AS,EWR,LAX,0.00,10
AS,EWR,SFO,1.00,11
AS,EWR,SJC,1.00,11
AS,LAX,EWR,1.00,10
AS,SAN,EWR,0.00,10
AS,EWR,SAN,1.00,10
AS,SJC,EWR,1.00,11
AS,SEA,EWR,1.00,10
AS,EWR,SEA,1.00,10
AS,SEA,EWR,0.00,10
AS,EWR,PDX,1.00,10
AS,PDX,EWR,1.00,10
AS,SFO,EWR,1.00,11
AS,EWR,LAX,0.00,10
AS,EWR,SFO,1.00,11
AS,EWR,SJC,1.00,11
AS,LAX,EWR,1.00,10
AS,SAN,EWR,0.00,10
AS,EWR,SAN,1.00,10
AS,SJC,EWR,1.00,11
AS,EWR,SEA,1.00,10
AS,SEA,EWR,1.00,10
AS,EWR,SEA,1.00,10
AS,SEA,EWR,1.00,10
AS,EWR,PDX,1.00,10
AS,PDX,EWR,1.00,10
AS,SFO,EWR,0.00,11
AS,EWR,LAX,0.00,10
AS,EWR,SFO,1.00,11
AS,EWR,SJC,1.00,11
AS,LAX,EWR,1.00,10
AS,SAN,EWR,0.00,10
AS,EWR,SAN,0.00,10
AS,SJC,EWR,1.00,11
AS,EWR,SEA,0.00,10
AS,SEA,EWR,0.00,10
AS,SFO,EWR,0.00,11
AS,EWR,SJC,0.00,11
AS,SAN,EWR,1.00,10
AS,EWR,SAN,0.00,10
AS,SJC,EWR,0.00,11
AS,SEA,EWR,0.00,10
AS,SFO,EWR,0.00,11
AS,EWR,LAX,0.00,10
AS,EWR,SFO,1.00,11
AS,LAX,EWR,0.00,10
AS,SAN,EWR,0.00,10
AS,EWR,SAN,1.00,10
AS,EWR,SEA,0.00,10
AS,SEA,EWR,0.00,10
AS,SFO,EWR,1.00,11
AS,EWR,LAX,0.00,10
AS,EWR,SFO,0.00,11
AS,LAX,EWR,0.00,10
AS,SAN,EWR,1.00,10
AS,EWR,SAN,1.00,10
AS,EWR,SEA,0.00,10
AS,SEA,EWR,0.00,10
AS,SFO,EWR,1.00,11
AS,EWR,LAX,0.00,10
AS,EWR,SFO,1.00,11
AS,LAX,EWR,0.00,10
AS,SAN,EWR,1.00,10
AS,EWR,SAN,1.00,10
AS,EWR,SEA,0.00,10
AS,SEA,EWR,0.00,10
AS,SFO,EWR,1.00,11
AS,EWR,LAX,0.00,10
AS,EWR,SFO,1.00,11
AS,LAX,EWR,0.00,10
AS,SAN,EWR,1.00,10
AS,EWR,SAN,1.00,10
AS,EWR,SEA,0.00,10
AS,SEA,EWR,0.00,10
AS,SFO,EWR,0.00,11
AS,EWR,LAX,1.00,10
AS,EWR,SFO,0.00,11
AS,LAX,EWR,1.00,10
AS,SAN,EWR,1.00,10
AS,EWR,SAN,1.00,10
AS,EWR,SEA,0.00,10
AS,SEA,EWR,0.00,10
AS,SFO,EWR,0.00,11
AS,EWR,LAX,1.00,10
AS,EWR,SFO,0.00,11
AS,LAX,EWR,1.00,10
AS,EWR,SEA,0.00,10
AS,SEA,EWR,0.00,10
AS,SFO,EWR,1.00,11
AS,EWR,LAX,0.00,10
AS,EWR,SFO,1.00,11
AS,LAX,EWR,0.00,10
AS,EWR,SEA,0.00,10
AS,SEA,EWR,0.00,10
AS,SFO,EWR,1.00,11
AS,EWR,LAX,1.00,10
AS,EWR,SFO,1.00,11
AS,LAX,EWR,1.00,10
AS,EWR,SEA,0.00,10
AS,SEA,EWR,0.00,10
AS,SFO,EWR,0.00,11
AS,EWR,LAX,0.00,10
AS,EWR,SFO,0.00,11
AS,LAX,EWR,0.00,10
AS,EWR,SEA,0.00,10
AS,SEA,EWR,0.00,10
AS,EWR,LAX,0.00,10
AS,LAX,EWR,0.00,10
AS,EWR,SEA,0.00,10
AS,SEA,EWR,0.00,10
AS,EWR,LAX,0.00,10
AS,LAX,EWR,0.00,10
AS,EWR,SEA,0.00,10
AS,SEA,EWR,0.00,10
AS,EWR,SEA,0.00,10
AS,SEA,EWR,0.00,10
AS,EWR,SFO,0.00,11
AS,EWR,SEA,0.00,10
AS,SEA,EWR,0.00,10
AS,SFO,EWR,0.00,11
AS,EWR,LAX,0.00,10
AS,LAX,EWR,0.00,10
AS,EWR,SEA,0.00,10
AS,SEA,EWR,0.00,10
AS,EWR,LAX,1.00,10
AS,LAX,EWR,1.00,10
AS,EWR,SEA,0.00,10
AS,SEA,EWR,0.00,10
AS,SFO,EWR,0.00,11
AS,EWR,SFO,0.00,11
AS,EWR,SEA,0.00,10
AS,SEA,EWR,0.00,10
AS,EWR,SEA,0.00,10
AS,SEA,EWR,0.00,10
AS,EWR,LAX,1.00,10
AS,LAX,EWR,1.00,10
AS,EWR,SEA,0.00,10
AS,SEA,EWR,0.00,10
AS,EWR,SEA,0.00,10
AS,SEA,EWR,0.00,10
AS,EWR,SEA,0.00,10
AS,SEA,EWR,0.00,10
AS,EWR,SEA,0.00,10
B6,EWR,FLL,1.00,5
B6,EWR,BOS,1.00,1
B6,EWR,PBI,1.00,5
B6,EWR,PBI,1.00,5
B6,EWR,MCO,1.00,4
B6,EWR,MCO,1.00,4
B6,EWR,MCO,1.00,4
B6,EWR,MCO,1.00,4
B6,MCO,EWR,1.00,4
B6,MCO,EWR,1.00,4
B6,PBI,EWR,1.00,5
B6,PBI,EWR,1.00,5
B6,PBI,EWR,1.00,5
B6,EWR,RSW,1.00,5
B6,EWR,RSW,1.00,5
B6,EWR,RSW,1.00,5
B6,EWR,RSW,1.00,5
B6,EWR,RSW,1.00,5
B6,EWR,RSW,1.00,5
B6,EWR,RSW,1.00,5
B6,EWR,RSW,1.00,5
B6,EWR,RSW,1.00,5
B6,RSW,EWR,1.00,5
B6,RSW,EWR,1.00,5
B6,RSW,EWR,1.00,5
B6,RSW,EWR,1.00,5
B6,RSW,EWR,1.00,5
B6,RSW,EWR,1.00,5
B6,RSW,EWR,1.00,5
B6,RSW,EWR,1.00,5
B6,RSW,EWR,1.00,5
B6,EWR,SJU,1.00,7
B6,EWR,SJU,1.00,7
B6,SJU,EWR,1.00,7
B6,EWR,RSW,1.00,5
B6,RSW,EWR,1.00,5
B6,PBI,EWR,1.00,5
B6,EWR,TPA,1.00,4
B6,TPA,EWR,1.00,4
B6,TPA,EWR,1.00,4
B6,MCO,EWR,1.00,4
B6,MCO,EWR,1.00,4
B6,MCO,EWR,1.00,4
B6,BOS,EWR,1.00,1
B6,BOS,EWR,1.00,1
B6,BOS,EWR,1.00,1
B6,BOS,EWR,1.00,1
B6,BOS,EWR,1.00,1
B6,EWR,MCO,1.00,4
B6,EWR,MCO,1.00,4
B6,EWR,MCO,1.00,4
B6,EWR,BOS,1.00,1
B6,EWR,BOS,1.00,1
B6,BOS,EWR,1.00,1
B6,BOS,EWR,1.00,1
B6,BOS,EWR,1.00,1
B6,BOS,EWR,1.00,1
B6,EWR,BOS,1.00,1
B6,EWR,BOS,1.00,1
B6,EWR,BOS,1.00,1
B6,EWR,BOS,1.00,1
B6,EWR,BOS,1.00,1
B6,EWR,BOS,1.00,1
B6,EWR,BOS,1.00,1
B6,EWR,FLL,1.00,5
B6,EWR,PBI,1.00,5
B6,EWR,PBI,1.00,5
B6,EWR,FLL,0.00,5
B6,EWR,FLL,0.00,5
B6,EWR,FLL,0.00,5
B6,EWR,FLL,0.00,5
B6,EWR,FLL,0.00,5
B6,EWR,FLL,0.00,5
B6,EWR,FLL,0.00,5
B6,EWR,FLL,0.00,5
B6,EWR,FLL,0.00,5
B6,EWR,FLL,0.00,5
B6,EWR,FLL,0.00,5
B6,EWR,FLL,0.00,5
B6,EWR,FLL,0.00,5
B6,EWR,FLL,0.00,5
B6,EWR,FLL,0.00,5
B6,EWR,FLL,0.00,5
B6,EWR,FLL,0.00,5
B6,EWR,FLL,0.00,5
B6,EWR,FLL,0.00,5
B6,EWR,FLL,0.00,5
B6,EWR,FLL,0.00,5
B6,EWR,FLL,0.00,5
B6,EWR,FLL,0.00,5
B6,EWR,FLL,0.00,5
B6,EWR,FLL,0.00,5
B6,EWR,FLL,0.00,5
B6,EWR,MCO,0.00,4
B6,EWR,MCO,0.00,4
B6,FLL,EWR,0.00,5
B6,FLL,EWR,0.00,5
B6,FLL,EWR,0.00,5
B6,FLL,EWR,0.00,5
B6,FLL,EWR,0.00,5
B6,FLL,EWR,0.00,5
B6,FLL,EWR,0.00,5
B6,FLL,EWR,0.00,5
B6,FLL,EWR,0.00,5
B6,FLL,EWR,0.00,5
B6,FLL,EWR,0.00,5
B6,FLL,EWR,0.00,5
B6,EWR,BOS,0.00,1
B6,MCO,EWR,0.00,4
B6,EWR,FLL,0.00,5
B6,EWR,FLL,0.00,5
B6,FLL,EWR,0.00,5
B6,MCO,EWR,0.00,4
B6,EWR,PBI,0.00,5
B6,EWR,PBI,0.00,5
B6,EWR,TPA,0.00,4
B6,EWR,PBI,0.00,5
B6,EWR,PBI,0.00,5
B6,EWR,PBI,0.00,5
B6,EWR,PBI,0.00,5
B6,EWR,PBI,0.00,5
B6,EWR,PBI,0.00,5
B6,EWR,PBI,0.00,5
B6,EWR,PBI,0.00,5
B6,EWR,PBI,0.00,5
B6,EWR,PBI,0.00,5
B6,EWR,PBI,0.00,5
B6,EWR,PBI,0.00,5
B6,FLL,EWR,0.00,5
B6,FLL,EWR,0.00,5
B6,FLL,EWR,0.00,5
B6,FLL,EWR,0.00,5
B6,FLL,EWR,0.00,5
B6,FLL,EWR,0.00,5
B6,FLL,EWR,0.00,5
B6,FLL,EWR,0.00,5
B6,FLL,EWR,0.00,5
B6,FLL,EWR,0.00,5
B6,FLL,EWR,0.00,5
B6,FLL,EWR,0.00,5
B6,FLL,EWR,0.00,5
B6,FLL,EWR,0.00,5
B6,FLL,EWR,0.00,5
B6,FLL,EWR,0.00,5
B6,FLL,EWR,0.00,5
B6,FLL,EWR,0.00,5
B6,FLL,EWR,0.00,5
B6,FLL,EWR,0.00,5
B6,FLL,EWR,0.00,5
B6,FLL,EWR,0.00,5
B6,FLL,EWR,0.00,5
B6,FLL,EWR,0.00,5
B6,FLL,EWR,0.00,5
B6,FLL,EWR,0.00,5
B6,FLL,EWR,0.00,5
B6,EWR,MCO,0.00,4
B6,EWR,MCO,0.00,4
B6,EWR,MCO,0.00,4
B6,EWR,MCO,0.00,4
B6,EWR,MCO,0.00,4
B6,EWR,MCO,0.00,4
B6,EWR,MCO,0.00,4
B6,EWR,MCO,0.00,4
B6,EWR,MCO,0.00,4
B6,EWR,MCO,0.00,4
B6,EWR,MCO,0.00,4
B6,EWR,MCO,0.00,4
B6,EWR,MCO,0.00,4
B6,EWR,MCO,0.00,4
B6,EWR,MCO,0.00,4
B6,EWR,MCO,0.00,4
B6,EWR,MCO,0.00,4
B6,EWR,MCO,0.00,4
B6,EWR,MCO,0.00,4
B6,EWR,MCO,0.00,4
B6,EWR,MCO,0.00,4
B6,EWR,MCO,0.00,4
B6,EWR,MCO,0.00,4
B6,EWR,MCO,0.00,4
B6,EWR,MCO,0.00,4
B6,EWR,MCO,0.00,4
B6,MCO,EWR,0.00,4
B6,MCO,EWR,0.00,4
B6,MCO,EWR,0.00,4
B6,MCO,EWR,0.00,4
B6,MCO,EWR,0.00,4
B6,MCO,EWR,0.00,4
B6,MCO,EWR,0.00,4
B6,MCO,EWR,0.00,4
B6,MCO,EWR,0.00,4
B6,MCO,EWR,0.00,4
B6,MCO,EWR,0.00,4
B6,MCO,EWR,0.00,4
B6,MCO,EWR,0.00,4
B6,MCO,EWR,0.00,4
B6,MCO,EWR,0.00,4
B6,MCO,EWR,0.00,4
B6,MCO,EWR,0.00,4
B6,MCO,EWR,0.00,4
B6,MCO,EWR,0.00,4
B6,MCO,EWR,0.00,4
B6,MCO,EWR,0.00,4
B6,MCO,EWR,0.00,4
B6,MCO,EWR,0.00,4
B6,MCO,EWR,0.00,4
B6,MCO,EWR,0.00,4
B6,MCO,EWR,0.00,4
B6,MCO,EWR,0.00,4
B6,MCO,EWR,0.00,4
B6,PBI,EWR,0.00,5
B6,PBI,EWR,0.00,5
B6,PBI,EWR,0.00,5
B6,PBI,EWR,0.00,5
B6,PBI,EWR,0.00,5
B6,PBI,EWR,0.00,5
B6,PBI,EWR,0.00,5
B6,PBI,EWR,0.00,5
B6,PBI,EWR,0.00,5
B6,PBI,EWR,0.00,5
B6,PBI,EWR,0.00,5
B6,PBI,EWR,0.00,5
B6,PBI,EWR,0.00,5
B6,PBI,EWR,0.00,5
B6,PBI,EWR,0.00,5
B6,PBI,EWR,0.00,5
B6,PBI,EWR,0.00,5
B6,PBI,EWR,0.00,5
B6,EWR,RSW,0.00,5
B6,EWR,RSW,0.00,5
B6,EWR,RSW,0.00,5
B6,EWR,RSW,0.00,5
B6,EWR,RSW,0.00,5
B6,EWR,RSW,0.00,5
B6,EWR,RSW,0.00,5
B6,EWR,RSW,0.00,5
B6,EWR,RSW,0.00,5
B6,EWR,RSW,0.00,5
B6,EWR,RSW,0.00,5
B6,EWR,RSW,0.00,5
B6,EWR,RSW,0.00,5
B6,EWR,RSW,0.00,5
B6,EWR,RSW,0.00,5
B6,EWR,RSW,0.00,5
B6,EWR,RSW,0.00,5
B6,EWR,RSW,0.00,5
B6,EWR,RSW,0.00,5
B6,RSW,EWR,0.00,5
B6,RSW,EWR,0.00,5
B6,RSW,EWR,0.00,5
B6,RSW,EWR,0.00,5
B6,RSW,EWR,0.00,5
B6,RSW,EWR,0.00,5
B6,RSW,EWR,0.00,5
B6,RSW,EWR,0.00,5
B6,RSW,EWR,0.00,5
B6,RSW,EWR,0.00,5
B6,RSW,EWR,0.00,5
B6,RSW,EWR,0.00,5
B6,RSW,EWR,0.00,5
B6,RSW,EWR,0.00,5
B6,RSW,EWR,0.00,5
B6,RSW,EWR,0.00,5
B6,RSW,EWR,0.00,5
B6,RSW,EWR,0.00,5
B6,RSW,EWR,0.00,5
B6,EWR,SJU,0.00,7
B6,EWR,SJU,0.00,7
B6,EWR,SJU,0.00,7
B6,EWR,SJU,0.00,7
B6,EWR,SJU,0.00,7
B6,EWR,SJU,0.00,7
B6,EWR,SJU,0.00,7
B6,EWR,SJU,0.00,7
B6,EWR,SJU,0.00,7
B6,EWR,SJU,0.00,7
B6,EWR,SJU,0.00,7
B6,EWR,SJU,0.00,7
B6,EWR,SJU,0.00,7
B6,EWR,SJU,0.00,7
B6,EWR,SJU,0.00,7
B6,EWR,SJU,0.00,7
B6,EWR,SJU,0.00,7
B6,EWR,SJU,0.00,7
B6,EWR,SJU,0.00,7
B6,SJU,EWR,0.00,7
B6,SJU,EWR,0.00,7
B6,SJU,EWR,0.00,7
B6,SJU,EWR,0.00,7
B6,SJU,EWR,0.00,7
B6,SJU,EWR,0.00,7
B6,SJU,EWR,0.00,7
B6,SJU,EWR,0.00,7
B6,SJU,EWR,0.00,7
B6,SJU,EWR,0.00,7
B6,SJU,EWR,0.00,7
B6,SJU,EWR,0.00,7
B6,SJU,EWR,0.00,7
B6,SJU,EWR,0.00,7
B6,SJU,EWR,0.00,7
B6,SJU,EWR,0.00,7
B6,SJU,EWR,0.00,7
B6,SJU,EWR,0.00,7
B6,SJU,EWR,0.00,7
B6,SJU,EWR,0.00,7
B6,EWR,FLL,0.00,5
B6,EWR,FLL,0.00,5
B6,EWR,FLL,0.00,5
B6,EWR,RSW,0.00,5
B6,RSW,EWR,0.00,5
B6,RSW,EWR,0.00,5
B6,PBI,EWR,0.00,5
B6,PBI,EWR,0.00,5
B6,PBI,EWR,0.00,5
B6,PBI,EWR,0.00,5
B6,PBI,EWR,0.00,5
B6,PBI,EWR,0.00,5
B6,PBI,EWR,0.00,5
B6,PBI,EWR,0.00,5
B6,PBI,EWR,0.00,5
B6,PBI,EWR,0.00,5
B6,PBI,EWR,0.00,5
B6,PBI,EWR,0.00,5
B6,PBI,EWR,0.00,5
B6,EWR,TPA,0.00,4
B6,EWR,TPA,0.00,4
B6,EWR,TPA,0.00,4
B6,EWR,TPA,0.00,4
B6,EWR,TPA,0.00,4
B6,EWR,TPA,0.00,4
B6,EWR,TPA,0.00,4
B6,EWR,TPA,0.00,4
B6,EWR,TPA,0.00,4
B6,EWR,TPA,0.00,4
B6,EWR,TPA,0.00,4
B6,EWR,TPA,0.00,4
B6,EWR,TPA,0.00,4
B6,EWR,TPA,0.00,4
B6,EWR,TPA,0.00,4
B6,EWR,TPA,0.00,4
B6,EWR,TPA,0.00,4
B6,EWR,TPA,0.00,4
B6,TPA,EWR,0.00,4
B6,MCO,EWR,0.00,4
B6,TPA,EWR,0.00,4
B6,TPA,EWR,0.00,4
B6,TPA,EWR,0.00,4
B6,TPA,EWR,0.00,4
B6,TPA,EWR,0.00,4
B6,TPA,EWR,0.00,4
B6,TPA,EWR,0.00,4
B6,TPA,EWR,0.00,4
B6,TPA,EWR,0.00,4
B6,TPA,EWR,0.00,4
B6,TPA,EWR,0.00,4
B6,TPA,EWR,0.00,4
B6,TPA,EWR,0.00,4
B6,TPA,EWR,0.00,4
B6,TPA,EWR,0.00,4
B6,TPA,EWR,0.00,4
B6,TPA,EWR,0.00,4
B6,EWR,FLL,0.00,5
B6,FLL,EWR,0.00,5
B6,MCO,EWR,0.00,4
B6,MCO,EWR,0.00,4
B6,MCO,EWR,0.00,4
B6,MCO,EWR,0.00,4
B6,MCO,EWR,0.00,4
B6,MCO,EWR,0.00,4
B6,MCO,EWR,0.00,4
B6,MCO,EWR,0.00,4
B6,EWR,MCO,0.00,4
B6,EWR,MCO,0.00,4
B6,EWR,MCO,0.00,4
B6,EWR,MCO,0.00,4
B6,EWR,MCO,0.00,4
B6,EWR,MCO,0.00,4
B6,EWR,MCO,0.00,4
B6,EWR,MCO,0.00,4
B6,EWR,MCO,0.00,4
B6,EWR,MCO,0.00,4
B6,EWR,MCO,0.00,4
B6,BOS,EWR,0.00,1
B6,BOS,EWR,0.00,1
B6,BOS,EWR,0.00,1
B6,BOS,EWR,0.00,1
B6,BOS,EWR,0.00,1
B6,BOS,EWR,0.00,1
B6,EWR,MCO,0.00,4
B6,EWR,MCO,0.00,4
B6,EWR,MCO,0.00,4
B6,EWR,MCO,0.00,4
B6,EWR,MCO,0.00,4
B6,EWR,MCO,0.00,4
B6,EWR,MCO,0.00,4
B6,EWR,MCO,0.00,4
B6,EWR,BOS,0.00,1
B6,EWR,BOS,0.00,1
B6,EWR,BOS,0.00,1
B6,EWR,BOS,0.00,1
B6,EWR,BOS,0.00,1
B6,EWR,BOS,0.00,1
B6,EWR,BOS,0.00,1
B6,BOS,EWR,0.00,1
B6,BOS,EWR,0.00,1
B6,BOS,EWR,0.00,1
B6,BOS,EWR,0.00,1
B6,BOS,EWR,0.00,1
B6,EWR,BOS,0.00,1
B6,EWR,BOS,0.00,1
B6,EWR,FLL,0.00,5
B6,EWR,FLL,0.00,5
B6,EWR,FLL,0.00,5
B6,EWR,FLL,0.00,5
B6,EWR,FLL,0.00,5
B6,EWR,FLL,0.00,5
B6,EWR,FLL,0.00,5
B6,EWR,FLL,0.00,5
B6,EWR,PBI,0.00,5
B6,EWR,PBI,0.00,5
B6,EWR,PBI,0.00,5
B6,EWR,PBI,0.00,5
B6,EWR,PBI,0.00,5
B6,EWR,PBI,0.00,5
B6,EWR,PBI,0.00,5
B6,EWR,PBI,0.00,5
B6,EWR,PBI,0.00,5
B6,EWR,PBI,0.00,5
B6,EWR,PBI,0.00,5
B6,EWR,PBI,0.00,5
B6,EWR,PBI,0.00,5
B6,EWR,PBI,0.00,5
B6,EWR,PBI,0.00,5
B6,EWR,PBI,0.00,5
B6,EWR,PBI,0.00,5
B6,MCO,EWR,0.00,4
B6,MCO,EWR,0.00,4
B6,MCO,EWR,0.00,4
B6,MCO,EWR,0.00,4
B6,MCO,EWR,0.00,4
B6,MCO,EWR,0.00,4
B6,MCO,EWR,0.00,4
B6,MCO,EWR,0.00,4
B6,MCO,EWR,0.00,4
B6,MCO,EWR,0.00,4
B6,EWR,FLL,1.00,5
B6,EWR,TPA,1.00,4
B6,TPA,EWR,1.00,4
B6,EWR,SJU,1.00,7
B6,SJU,EWR,1.00,7
B6,EWR,RSW,1.00,5
B6,RSW,EWR,1.00,5
B6,PBI,EWR,1.00,5
B6,EWR,SJU,1.00,7
B6,EWR,MCO,1.00,4
B6,MCO,EWR,1.00,4
B6,FLL,EWR,1.00,5
B6,EWR,FLL,1.00,5
B6,FLL,EWR,1.00,5
B6,SJU,EWR,1.00,7
B6,EWR,PBI,1.00,5
B6,BOS,EWR,1.00,1
B6,FLL,EWR,1.00,5
B6,EWR,FLL,1.00,5
B6,EWR,BOS,1.00,1
B6,FLL,EWR,1.00,5
B6,PBI,EWR,1.00,5
B6,EWR,PBI,1.00,5
B6,EWR,FLL,1.00,5
B6,EWR,MCO,1.00,4
B6,EWR,TPA,1.00,4
B6,TPA,EWR,1.00,4
B6,SJU,EWR,1.00,7
B6,EWR,SJU,1.00,7
B6,EWR,RSW,1.00,5
B6,RSW,EWR,1.00,5
B6,EWR,SJU,1.00,7
B6,MCO,EWR,1.00,4
B6,EWR,BOS,1.00,1
B6,BOS,EWR,1.00,1
B6,FLL,EWR,1.00,5
B6,EWR,FLL,1.00,5
B6,SJU,EWR,1.00,7
B6,EWR,RSW,1.00,5
B6,RSW,EWR,1.00,5
B6,EWR,TPA,1.00,4
B6,TPA,EWR,1.00,4
B6,EWR,SJU,1.00,7
B6,MCO,EWR,1.00,4
B6,EWR,FLL,1.00,5
B6,FLL,EWR,1.00,5
B6,PBI,EWR,1.00,5
B6,EWR,MCO,1.00,4
B6,EWR,PBI,1.00,5
B6,BOS,EWR,1.00,1
B6,EWR,FLL,1.00,5
B6,EWR,BOS,1.00,1
DL,EWR,DTW,0.00,2
DL,EWR,DTW,0.00,2
DL,ATL,EWR,1.00,3
DL,ATL,EWR,0.00,3
DL,EWR,ATL,0.00,3
DL,ATL,EWR,1.00,3
DL,EWR,ATL,1.00,3
DL,DTW,EWR,0.00,2
DL,EWR,DTW,0.00,2
DL,EWR,ATL,0.00,3
DL,EWR,ATL,0.00,3
DL,DTW,EWR,0.00,2
DL,EWR,DTW,0.00,2
DL,ATL,EWR,0.00,3
DL,ATL,EWR,0.00,3
DL,EWR,ATL,0.00,3
DL,ATL,EWR,1.00,3
DL,DTW,EWR,1.00,2
DL,EWR,DTW,0.00,2
DL,EWR,ATL,1.00,3
DL,EWR,ATL,1.00,3
DL,DTW,EWR,0.00,2
DL,EWR,DTW,1.00,2
DL,ATL,EWR,0.00,3
DL,ATL,EWR,0.00,3
DL,EWR,ATL,0.00,3
DL,ATL,EWR,0.00,3
DL,DTW,EWR,1.00,2
DL,EWR,DTW,0.00,2
DL,EWR,ATL,0.00,3
DL,EWR,ATL,1.00,3
DL,DTW,EWR,0.00,2
DL,EWR,DTW,1.00,2
DL,ATL,EWR,1.00,3
DL,EWR,ATL,1.00,3
DL,ATL,EWR,0.00,3
DL,DTW,EWR,0.00,2
DL,EWR,DTW,0.00,2
DL,EWR,ATL,0.00,3
DL,EWR,ATL,0.00,3
DL,DTW,EWR,0.00,2
DL,EWR,DTW,0.00,2
DL,ATL,EWR,0.00,3
DL,ATL,EWR,0.00,3
DL,EWR,ATL,0.00,3
DL,ATL,EWR,0.00,3
DL,DTW,EWR,1.00,2
DL,EWR,DTW,1.00,2
DL,EWR,ATL,0.00,3
DL,EWR,ATL,0.00,3
DL,DTW,EWR,0.00,2
DL,EWR,DTW,0.00,2
DL,ATL,EWR,0.00,3
DL,ATL,EWR,1.00,3
DL,EWR,ATL,1.00,3
DL,ATL,EWR,0.00,3
DL,DTW,EWR,1.00,2
DL,EWR,DTW,1.00,2
DL,EWR,ATL,0.00,3
DL,EWR,ATL,0.00,3
DL,DTW,EWR,0.00,2
DL,EWR,DTW,0.00,2
DL,ATL,EWR,0.00,3
DL,ATL,EWR,1.00,3
DL,EWR,ATL,1.00,3
DL,ATL,EWR,0.00,3
DL,DTW,EWR,1.00,2
DL,EWR,DTW,1.00,2
DL,EWR,ATL,0.00,3
DL,EWR,ATL,0.00,3
DL,DTW,EWR,0.00,2
DL,EWR,DTW,0.00,2
DL,ATL,EWR,0.00,3
DL,ATL,EWR,0.00,3
DL,EWR,ATL,0.00,3
DL,ATL,EWR,0.00,3
DL,DTW,EWR,0.00,2
DL,EWR,DTW,0.00,2
DL,EWR,ATL,0.00,3
DL,EWR,DTW,0.00,2
DL,ATL,EWR,0.00,3
DL,EWR,ATL,0.00,3
DL,ATL,EWR,0.00,3
DL,DTW,EWR,0.00,2
DL,EWR,DTW,0.00,2
DL,EWR,ATL,0.00,3
DL,ATL,EWR,1.00,3
DL,EWR,ATL,1.00,3
DL,EWR,ATL,1.00,3
DL,MSP,EWR,1.00,5
DL,EWR,MSP,1.00,5
DL,MSP,EWR,1.00,5
DL,DTW,EWR,0.00,2
DL,SLC,EWR,0.00,8
DL,ATL,EWR,1.00,3
DL,EWR,ATL,1.00,3
DL,ATL,EWR,1.00,3
DL,EWR,ATL,1.00,3
DL,DTW,EWR,0.00,2
DL,EWR,DTW,0.00,2
DL,EWR,SLC,0.00,8
DL,ATL,EWR,0.00,3
DL,EWR,ATL,0.00,3
DL,EWR,MSP,1.00,5
DL,MSP,EWR,0.00,5
DL,ATL,EWR,1.00,3
DL,EWR,ATL,1.00,3
DL,ATL,EWR,1.00,3
DL,EWR,ATL,1.00,3
DL,ATL,EWR,0.00,3
DL,EWR,ATL,0.00,3
DL,ATL,EWR,1.00,3
DL,EWR,ATL,1.00,3
DL,DTW,EWR,1.00,2
DL,DTW,EWR,1.00,2
DL,EWR,DTW,1.00,2
DL,EWR,SLC,1.00,8
DL,SLC,EWR,1.00,8
DL,EWR,ATL,1.00,3
DL,ATL,EWR,1.00,3
DL,EWR,ATL,1.00,3
DL,DTW,EWR,0.00,2
DL,EWR,DTW,1.00,2
DL,ATL,EWR,1.00,3
DL,ATL,EWR,1.00,3
DL,EWR,ATL,1.00,3
DL,ATL,EWR,1.00,3
DL,EWR,ATL,1.00,3
DL,DTW,EWR,0.00,2
DL,DTW,EWR,1.00,2
DL,EWR,DTW,1.00,2
DL,EWR,ATL,1.00,3
DL,ATL,EWR,1.00,3
DL,EWR,ATL,0.00,3
DL,DTW,EWR,0.00,2
DL,EWR,DTW,0.00,2
DL,EWR,DTW,0.00,2
DL,ATL,EWR,0.00,3
DL,ATL,EWR,1.00,3
DL,EWR,ATL,1.00,3
DL,ATL,EWR,1.00,3
DL,EWR,ATL,1.00,3
DL,DTW,EWR,0.00,2
DL,DTW,EWR,1.00,2
DL,EWR,DTW,1.00,2
DL,EWR,ATL,1.00,3
DL,EWR,ATL,0.00,3
DL,DTW,EWR,1.00,2
DL,EWR,DTW,0.00,2
DL,EWR,DTW,1.00,2
DL,ATL,EWR,1.00,3
DL,ATL,EWR,0.00,3
DL,EWR,ATL,0.00,3
DL,ATL,EWR,0.00,3
DL,DTW,EWR,0.00,2
DL,DTW,EWR,1.00,2
DL,EWR,DTW,1.00,2
DL,EWR,ATL,1.00,3
DL,ATL,EWR,0.00,3
DL,EWR,ATL,0.00,3
DL,DTW,EWR,1.00,2
DL,EWR,DTW,0.00,2
DL,EWR,DTW,1.00,2
DL,ATL,EWR,1.00,3
DL,ATL,EWR,1.00,3
DL,EWR,ATL,0.00,3
DL,ATL,EWR,0.00,3
DL,EWR,ATL,1.00,3
DL,DTW,EWR,0.00,2
DL,DTW,EWR,1.00,2
DL,EWR,DTW,0.00,2
DL,EWR,ATL,1.00,3
DL,ATL,EWR,1.00,3
DL,EWR,ATL,1.00,3
DL,DTW,EWR,0.00,2
DL,EWR,DTW,0.00,2
DL,EWR,DTW,1.00,2
DL,ATL,EWR,1.00,3
DL,ATL,EWR,1.00,3
DL,EWR,ATL,1.00,3
DL,ATL,EWR,1.00,3
DL,EWR,ATL,1.00,3
DL,DTW,EWR,0.00,2
DL,DTW,EWR,1.00,2
DL,EWR,DTW,1.00,2
DL,EWR,SLC,1.00,8
DL,SLC,EWR,1.00,8
DL,EWR,ATL,1.00,3
DL,ATL,EWR,1.00,3
DL,EWR,ATL,0.00,3
DL,DTW,EWR,0.00,2
DL,ATL,EWR,0.00,3
DL,EWR,ATL,0.00,3
DL,ATL,EWR,0.00,3
DL,DTW,EWR,0.00,2
DL,EWR,DTW,0.00,2
DL,EWR,ATL,0.00,3
DL,ATL,EWR,0.00,3
DL,EWR,ATL,0.00,3
DL,ATL,EWR,0.00,3
DL,DTW,EWR,0.00,2
DL,EWR,DTW,0.00,2
DL,EWR,ATL,0.00,3
DL,ATL,EWR,0.00,3
DL,EWR,ATL,0.00,3
DL,ATL,EWR,0.00,3
DL,DTW,EWR,0.00,2
DL,EWR,DTW,0.00,2
DL,EWR,ATL,0.00,3
DL,ATL,EWR,0.00,3
DL,EWR,ATL,0.00,3
DL,ATL,EWR,0.00,3
DL,DTW,EWR,0.00,2
DL,EWR,DTW,0.00,2
DL,EWR,ATL,0.00,3
DL,ATL,EWR,0.00,3
DL,EWR,ATL,0.00,3
DL,ATL,EWR,0.00,3
DL,DTW,EWR,0.00,2
DL,EWR,DTW,0.00,2
DL,EWR,ATL,0.00,3
DL,ATL,EWR,1.00,3
DL,EWR,ATL,1.00,3
DL,ATL,EWR,0.00,3
DL,EWR,ATL,0.00,3
DL,ATL,EWR,1.00,3
DL,DTW,EWR,0.00,2
DL,EWR,DTW,0.00,2
DL,EWR,ATL,0.00,3
DL,ATL,EWR,0.00,3
DL,EWR,ATL,0.00,3
DL,ATL,EWR,0.00,3
DL,EWR,ATL,0.00,3
DL,DTW,EWR,0.00,2
DL,EWR,DTW,0.00,2
DL,ATL,EWR,0.00,3
DL,EWR,ATL,0.00,3
DL,ATL,EWR,0.00,3
DL,EWR,ATL,0.00,3
DL,DTW,EWR,0.00,2
DL,EWR,DTW,0.00,2
DL,ATL,EWR,0.00,3
DL,EWR,ATL,0.00,3
DL,ATL,EWR,0.00,3
DL,EWR,ATL,0.00,3
DL,DTW,EWR,0.00,2
DL,EWR,DTW,0.00,2
DL,ATL,EWR,0.00,3
DL,EWR,ATL,0.00,3
DL,ATL,EWR,0.00,3
DL,EWR,ATL,0.00,3
DL,DTW,EWR,0.00,2
DL,EWR,DTW,0.00,2
DL,ATL,EWR,0.00,3
DL,EWR,ATL,0.00,3
DL,ATL,EWR,0.00,3
DL,EWR,ATL,0.00,3
DL,DTW,EWR,0.00,2
DL,EWR,DTW,0.00,2
DL,ATL,EWR,0.00,3
DL,EWR,ATL,0.00,3
DL,ATL,EWR,0.00,3
DL,EWR,ATL,0.00,3
DL,DTW,EWR,0.00,2
DL,EWR,DTW,0.00,2
DL,ATL,EWR,0.00,3
DL,EWR,ATL,0.00,3
DL,ATL,EWR,0.00,3
DL,EWR,ATL,0.00,3
DL,DTW,EWR,0.00,2
DL,EWR,DTW,0.00,2
DL,ATL,EWR,0.00,3
DL,EWR,ATL,0.00,3
DL,ATL,EWR,0.00,3
DL,EWR,ATL,0.00,3
DL,DTW,EWR,0.00,2
DL,EWR,DTW,0.00,2
DL,ATL,EWR,1.00,3
DL,EWR,ATL,1.00,3
DL,EWR,SLC,1.00,8
DL,SLC,EWR,1.00,8
DL,EWR,SLC,1.00,8
DL,SLC,EWR,1.00,8
DL,EWR,SLC,1.00,8
DL,SLC,EWR,1.00,8
DL,EWR,SLC,1.00,8
DL,SLC,EWR,1.00,8
DL,ATL,EWR,1.00,3
EV,BTV,EWR,1.00,2
EV,BTV,EWR,0.00,2
EV,BTV,EWR,1.00,2
EV,BTV,EWR,0.00,2
EV,BTV,EWR,0.00,2
EV,BTV,EWR,1.00,2
EV,BTV,EWR,1.00,2
EV,BTV,EWR,1.00,2
EV,RIC,EWR,1.00,2
EV,RIC,EWR,0.00,2
EV,RIC,EWR,0.00,2
EV,RIC,EWR,0.00,2
EV,RIC,EWR,0.00,2
EV,RIC,EWR,1.00,2
EV,RIC,EWR,1.00,2
EV,RIC,EWR,1.00,2
EV,EWR,CHS,0.00,3
EV,EWR,CHS,0.00,3
EV,EWR,CHS,0.00,3
EV,EWR,CHS,0.00,3
EV,EWR,CHS,1.00,3
EV,EWR,CHS,1.00,3
EV,EWR,CHS,1.00,3
EV,EWR,CHS,1.00,3
EV,EWR,CHS,1.00,3
EV,EWR,CHS,1.00,3
EV,EWR,CHS,1.00,3
EV,EWR,CHS,1.00,3
EV,STL,EWR,0.00,4
EV,STL,EWR,0.00,4
EV,STL,EWR,0.00,4
EV,STL,EWR,0.00,4
EV,STL,EWR,0.00,4
EV,STL,EWR,1.00,4
EV,STL,EWR,1.00,4
EV,EWR,BNA,0.00,3
EV,EWR,BNA,0.00,3
EV,EWR,BNA,0.00,3
EV,EWR,BNA,0.00,3
EV,EWR,BNA,1.00,3
EV,EWR,BNA,1.00,3
EV,EWR,BNA,1.00,3
EV,EWR,BNA,1.00,3
EV,EWR,BNA,1.00,3
EV,EWR,BNA,1.00,3
EV,EWR,BNA,1.00,3
EV,EWR,BTV,0.00,2
EV,EWR,BTV,0.00,2
EV,EWR,BTV,0.00,2
EV,EWR,BTV,0.00,2
EV,EWR,BTV,1.00,2
EV,EWR,BTV,1.00,2
EV,CHS,EWR,0.00,3
EV,CHS,EWR,0.00,3
EV,CHS,EWR,0.00,3
EV,CHS,EWR,0.00,3
EV,CHS,EWR,1.00,3
EV,CHS,EWR,1.00,3
EV,CHS,EWR,1.00,3
EV,CHS,EWR,1.00,3
EV,CHS,EWR,1.00,3
EV,CHS,EWR,1.00,3
EV,CHS,EWR,1.00,3
EV,CHS,EWR,1.00,3
EV,EWR,GSP,1.00,3
EV,EWR,GSP,1.00,3
EV,EWR,GSP,0.00,3
EV,EWR,GSP,0.00,3
EV,EWR,GSP,1.00,3
EV,EWR,GSP,1.00,3
EV,EWR,GSP,1.00,3
EV,EWR,GSP,1.00,3
EV,EWR,GSP,1.00,3
EV,EWR,GSP,1.00,3
EV,EWR,GSP,1.00,3
EV,EWR,GSP,1.00,3
EV,EWR,PWM,0.00,2
EV,EWR,PWM,0.00,2
EV,EWR,PWM,0.00,2
EV,EWR,PWM,0.00,2
EV,EWR,PWM,1.00,2
EV,EWR,PWM,1.00,2
EV,EWR,PWM,1.00,2
EV,EWR,ROC,0.00,1
EV,EWR,ROC,0.00,1
EV,EWR,ROC,0.00,1
EV,EWR,ROC,1.00,1
EV,EWR,ROC,1.00,1
EV,EWR,ROC,1.00,1
EV,GSP,EWR,1.00,3
EV,GSP,EWR,1.00,3
EV,GSP,EWR,0.00,3
EV,GSP,EWR,0.00,3
EV,GSP,EWR,1.00,3
EV,GSP,EWR,1.00,3
EV,GSP,EWR,1.00,3
EV,GSP,EWR,1.00,3
EV,GSP,EWR,1.00,3
EV,GSP,EWR,1.00,3
EV,GSP,EWR,1.00,3
EV,GSP,EWR,1.00,3
EV,EWR,RIC,0.00,2
EV,EWR,RIC,0.00,2
EV,EWR,RIC,0.00,2
EV,EWR,RIC,0.00,2
EV,EWR,RIC,0.00,2
EV,EWR,RIC,1.00,2
EV,EWR,RIC,1.00,2
EV,MEM,EWR,0.00,4
EV,MEM,EWR,0.00,4
EV,MEM,EWR,0.00,4
EV,MEM,EWR,0.00,4
EV,MEM,EWR,1.00,4
EV,MEM,EWR,1.00,4
EV,MEM,EWR,1.00,4
EV,MEM,EWR,1.00,4
EV,MEM,EWR,1.00,4
EV,MEM,EWR,1.00,4
EV,MEM,EWR,1.00,4
EV,MEM,EWR,1.00,4
EV,PWM,EWR,0.00,2
EV,PWM,EWR,0.00,2
EV,PWM,EWR,0.00,2
EV,PWM,EWR,0.00,2
EV,PWM,EWR,1.00,2
EV,PWM,EWR,1.00,2
EV,PWM,EWR,1.00,2
EV,PVD,EWR,0.00,1
EV,ROC,EWR,0.00,1
EV,ROC,EWR,0.00,1
EV,ROC,EWR,0.00,1
EV,ROC,EWR,1.00,1
EV,ROC,EWR,1.00,1
EV,ROC,EWR,1.00,1
EV,EWR,STL,0.00,4
EV,EWR,STL,0.00,4
EV,EWR,STL,0.00,4
EV,EWR,STL,0.00,4
EV,EWR,STL,0.00,4
EV,EWR,STL,1.00,4
EV,EWR,STL,1.00,4
F9,MIA,EWR,1.00,5
F9,MCO,TTN,1.00,4
F9,TTN,RDU,1.00,2
F9,TPA,EWR,1.00,4
F9,EWR,MIA,1.00,5
F9,RDU,TTN,1.00,2
F9,TTN,SRQ,1.00,4
F9,SRQ,TTN,1.00,4
F9,TTN,ATL,1.00,3
F9,SJU,EWR,1.00,7
F9,PHX,EWR,1.00,9
F9,EWR,MCO,1.00,4
F9,EWR,LAS,1.00,9
F9,MCO,EWR,1.00,4
F9,EWR,ATL,1.00,3
F9,ATL,TTN,1.00,3
F9,TTN,CLT,1.00,2
F9,CLT,TTN,1.00,2
F9,TTN,FLL,1.00,5
F9,PBI,TTN,1.00,4
F9,ATL,EWR,1.00,3
F9,RSW,TTN,1.00,5
F9,TTN,MCO,1.00,4
F9,MIA,EWR,1.00,5
F9,EWR,PBI,1.00,5
F9,EWR,MIA,1.00,5
F9,TTN,PBI,1.00,4
F9,PBI,EWR,1.00,5
F9,EWR,PHX,1.00,9
F9,LAS,EWR,1.00,9
F9,MCO,TTN,1.00,4
F9,TTN,MCO,1.00,4
F9,TTN,TPA,1.00,4
F9,TPA,TTN,1.00,4
F9,EWR,TPA,1.00,4
F9,TTN,RSW,1.00,5
F9,FLL,TTN,1.00,5
F9,MCO,EWR,1.00,4
F9,EWR,SJU,1.00,7
F9,MCO,TTN,1.00,4
F9,TTN,FLL,1.00,5
F9,FLL,TTN,1.00,5
F9,MIA,EWR,1.00,5
F9,EWR,PBI,1.00,5
F9,PBI,TTN,1.00,4
F9,TTN,MCO,1.00,4
F9,EWR,MCO,1.00,4
F9,EWR,LAS,1.00,9
F9,LAS,EWR,1.00,9
F9,RSW,TTN,1.00,5
F9,SJU,EWR,1.00,7
F9,TTN,PBI,1.00,4
F9,PBI,EWR,1.00,5
F9,EWR,PHX,1.00,9
F9,EWR,MIA,1.00,5
F9,MCO,TTN,1.00,4
F9,TTN,MCO,1.00,4
F9,MCO,EWR,1.00,4
F9,EWR,ATL,1.00,3
F9,EWR,TPA,1.00,4
F9,TPA,EWR,1.00,4
F9,EWR,MIA,1.00,5
F9,ATL,EWR,1.00,3
F9,ATL,TTN,1.00,3
F9,TTN,MYR,1.00,3
F9,MYR,TTN,1.00,3
F9,TTN,ATL,1.00,3
F9,MIA,EWR,1.00,5
F9,EWR,MCO,1.00,4
F9,TTN,TPA,1.00,4
F9,TPA,TTN,1.00,4
F9,PHX,EWR,1.00,9
F9,TTN,RSW,1.00,5
F9,MCO,EWR,1.00,4
F9,EWR,SJU,1.00,7
F9,TPA,EWR,1.00,4
F9,EWR,LAS,1.00,9
F9,PHX,EWR,1.00,9
F9,MIA,EWR,1.00,5
F9,EWR,PBI,1.00,5
F9,EWR,TPA,1.00,4
F9,PBI,EWR,1.00,5
F9,EWR,PHX,1.00,9
F9,EWR,MIA,1.00,5
F9,LAS,EWR,1.00,9
F9,MIA,EWR,1.00,5
F9,MCO,EWR,0.00,4
F9,EWR,MCO,0.00,4
F9,MIA,EWR,0.00,5
F9,EWR,MIA,0.00,5
F9,MCO,TTN,0.00,4
F9,TTN,MCO,0.00,4
F9,MCO,TTN,0.00,4
F9,TTN,MCO,0.00,4
F9,MCO,TTN,0.00,4
F9,TTN,MCO,0.00,4
F9,MCO,EWR,0.00,4
F9,EWR,MCO,0.00,4
F9,MIA,EWR,0.00,5
F9,EWR,MIA,0.00,5
F9,MCO,EWR,0.00,4
F9,EWR,MCO,0.00,4
F9,MIA,EWR,0.00,5
F9,EWR,MIA,0.00,5
F9,MCO,TTN,0.00,4
F9,TTN,MCO,0.00,4
F9,MIA,TTN,1.00,5
F9,TTN,MIA,1.00,5
F9,MCO,EWR,0.00,4
F9,EWR,MCO,0.00,4
F9,MCO,TTN,0.00,4
F9,TTN,MCO,0.00,4
F9,MIA,EWR,0.00,5
F9,EWR,MIA,0.00,5
F9,MIA,TTN,1.00,5
F9,TTN,MIA,1.00,5
F9,MCO,EWR,1.00,4
F9,EWR,MCO,1.00,4
F9,MCO,TTN,0.00,4
F9,TTN,MCO,0.00,4
F9,MIA,EWR,0.00,5
F9,EWR,MIA,0.00,5
F9,MIA,EWR,0.00,5
F9,EWR,MIA,0.00,5
F9,MCO,TTN,0.00,4
F9,TTN,MCO,0.00,4
F9,MCO,TTN,0.00,4
F9,TTN,MCO,0.00,4
F9,MIA,EWR,0.00,5
F9,EWR,MIA,0.00,5
F9,MIA,EWR,0.00,5
F9,EWR,MIA,0.00,5
F9,MCO,TTN,0.00,4
F9,TTN,MCO,0.00,4
F9,MIA,EWR,0.00,5
F9,EWR,MIA,0.00,5
F9,MCO,TTN,0.00,4
F9,TTN,MCO,0.00,4
F9,MIA,EWR,0.00,5
F9,EWR,MIA,0.00,5
F9,MCO,TTN,0.00,4
F9,TTN,MCO,0.00,4
F9,MCO,TTN,0.00,4
F9,TTN,MCO,0.00,4
F9,MIA,EWR,0.00,5
F9,EWR,MIA,0.00,5
G4,AVL,EWR,1.00,3
G4,CVG,EWR,1.00,3
G4,TYS,EWR,1.00,3
G4,CVG,EWR,1.00,3
G4,CVG,EWR,1.00,3
G4,AVL,EWR,1.00,3
G4,TYS,EWR,1.00,3
G4,AVL,EWR,1.00,3
G4,EWR,SAV,1.00,3
G4,SAV,EWR,1.00,3
G4,EWR,TYS,1.00,3
G4,TYS,EWR,1.00,3
G4,EWR,AVL,1.00,3
G4,SAV,EWR,1.00,3
G4,EWR,TYS,1.00,3
G4,EWR,VPS,1.00,4
G4,EWR,TYS,1.00,3
G4,EWR,AVL,1.00,3
G4,EWR,VPS,1.00,4
G4,EWR,SAV,1.00,3
G4,EWR,VPS,1.00,4
G4,EWR,TYS,1.00,3
G4,TYS,EWR,1.00,3
G4,TYS,EWR,1.00,3
G4,AVL,EWR,1.00,3
G4,VPS,EWR,1.00,4
G4,VPS,EWR,1.00,4
G4,EWR,AVL,1.00,3
G4,EWR,CVG,1.00,3
G4,EWR,AVL,1.00,3
G4,SAV,EWR,1.00,3
G4,CVG,EWR,1.00,3
G4,EWR,VPS,1.00,4
G4,AVL,EWR,1.00,3
G4,EWR,AVL,1.00,3
G4,EWR,SAV,1.00,3
G4,SAV,EWR,1.00,3
G4,EWR,AVL,1.00,3
G4,TYS,EWR,1.00,3
G4,EWR,SAV,1.00,3
G4,CVG,EWR,1.00,3
G4,EWR,TYS,1.00,3
G4,AVL,EWR,1.00,3
G4,EWR,CVG,1.00,3
G4,AVL,EWR,1.00,3
G4,EWR,CVG,1.00,3
G4,SAV,EWR,1.00,3
G4,AVL,EWR,1.00,3
G4,EWR,CVG,1.00,3
G4,EWR,AVL,1.00,3
G4,SAV,EWR,1.00,3
G4,EWR,SAV,1.00,3
G4,VPS,EWR,1.00,4
G4,VPS,EWR,1.00,4
G4,EWR,TYS,1.00,3
G4,EWR,AVL,1.00,3
G4,EWR,CVG,1.00,3
G4,EWR,VPS,1.00,4
G4,TYS,EWR,1.00,3
G4,EWR,AVL,1.00,3
G4,EWR,TYS,1.00,3
G4,AVL,EWR,1.00,3
G4,EWR,SAV,1.00,3
G4,VPS,EWR,1.00,4
MQ,ORD,EWR,1.00,3
MQ,ORD,EWR,0.00,3
MQ,ORD,EWR,1.00,3
MQ,ORD,EWR,1.00,3
MQ,EWR,ORD,0.00,3
MQ,EWR,ORD,1.00,3
MQ,EWR,ORD,0.00,3
MQ,EWR,ORD,0.00,3
MQ,EWR,ORD,0.00,3
MQ,EWR,ORD,0.00,3
MQ,EWR,ORD,1.00,3
MQ,EWR,ORD,0.00,3
MQ,EWR,ORD,1.00,3
MQ,ORD,EWR,0.00,3
MQ,ORD,EWR,0.00,3
MQ,ORD,EWR,0.00,3
MQ,ORD,EWR,1.00,3
MQ,ORD,EWR,0.00,3
MQ,ORD,EWR,1.00,3
MQ,EWR,ORD,1.00,3
MQ,EWR,ORD,1.00,3
MQ,EWR,ORD,1.00,3
MQ,EWR,ORD,1.00,3
MQ,EWR,ORD,1.00,3
MQ,ORD,EWR,1.00,3
MQ,ORD,EWR,1.00,3
MQ,ORD,EWR,1.00,3
MQ,ORD,EWR,1.00,3
NK,MCO,ACY,1.00,4
NK,MCO,ACY,1.00,4
NK,MCO,ACY,1.00,4
NK,MCO,ACY,1.00,4
NK,MCO,ACY,0.00,4
NK,MCO,ACY,0.00,4
NK,MCO,ACY,0.00,4
NK,MCO,ACY,0.00,4
NK,MCO,ACY,0.00,4
NK,MCO,ACY,0.00,4
NK,MCO,ACY,0.00,4
NK,MCO,ACY,0.00,4
NK,MCO,ACY,0.00,4
NK,MCO,ACY,0.00,4
NK,MCO,ACY,0.00,4
NK,MCO,ACY,0.00,4
NK,MCO,ACY,0.00,4
NK,MCO,ACY,0.00,4
NK,MCO,ACY,0.00,4
NK,MCO,ACY,0.00,4
NK,MCO,ACY,0.00,4
NK,MCO,ACY,0.00,4
NK,MCO,ACY,0.00,4
NK,MCO,ACY,0.00,4
NK,MCO,ACY,0.00,4
NK,MCO,ACY,0.00,4
NK,MCO,ACY,0.00,4
NK,MCO,ACY,0.00,4
NK,MCO,ACY,0.00,4
NK,MCO,ACY,0.00,4
NK,EWR,MCO,1.00,4
NK,EWR,MCO,1.00,4
NK,EWR,MCO,1.00,4
NK,EWR,MCO,1.00,4
NK,EWR,MCO,1.00,4
NK,EWR,MCO,1.00,4
NK,EWR,MCO,1.00,4
NK,MCO,EWR,1.00,4
NK,MCO,EWR,1.00,4
NK,MCO,EWR,1.00,4
NK,MCO,EWR,1.00,4
NK,MCO,EWR,1.00,4
NK,MCO,EWR,1.00,4
NK,MCO,EWR,1.00,4
NK,EWR,MCO,1.00,4
NK,EWR,MCO,1.00,4
NK,EWR,MCO,1.00,4
NK,EWR,MCO,1.00,4
NK,EWR,MCO,1.00,4
NK,EWR,MCO,1.00,4
NK,EWR,MCO,1.00,4
NK,MCO,EWR,1.00,4
NK,MCO,EWR,1.00,4
NK,MCO,EWR,1.00,4
NK,MCO,EWR,1.00,4
NK,MCO,EWR,1.00,4
NK,MCO,EWR,1.00,4
NK,ACY,PBI,1.00,4
NK,ACY,PBI,1.00,4
NK,ACY,PBI,1.00,4
NK,ACY,PBI,1.00,4
NK,ACY,PBI,1.00,4
NK,ACY,PBI,1.00,4
NK,ACY,PBI,1.00,4
NK,PBI,ACY,1.00,4
NK,PBI,ACY,1.00,4
NK,PBI,ACY,1.00,4
NK,PBI,ACY,1.00,4
NK,PBI,ACY,1.00,4
NK,PBI,ACY,1.00,4
NK,PBI,ACY,1.00,4
NK,IAH,ACY,1.00,6
NK,FLL,ACY,0.00,4
NK,FLL,ACY,0.00,4
NK,FLL,ACY,0.00,4
NK,FLL,ACY,0.00,4
NK,FLL,ACY,0.00,4
NK,FLL,ACY,0.00,4
NK,FLL,ACY,0.00,4
NK,FLL,ACY,1.00,4
NK,ACY,FLL,0.00,4
NK,ACY,FLL,0.00,4
NK,ACY,FLL,1.00,4
NK,ACY,FLL,1.00,4
NK,ACY,FLL,0.00,4
NK,ACY,FLL,0.00,4
NK,ACY,FLL,0.00,4
NK,ACY,FLL,0.00,4
NK,ACY,FLL,0.00,4
NK,ACY,FLL,0.00,4
NK,ACY,FLL,1.00,4
NK,ACY,FLL,0.00,4
NK,ACY,FLL,0.00,4
NK,ACY,FLL,0.00,4
NK,FLL,ACY,0.00,4
NK,FLL,ACY,1.00,4
NK,FLL,ACY,1.00,4
NK,FLL,ACY,1.00,4
NK,FLL,ACY,0.00,4
NK,FLL,ACY,0.00,4
NK,FLL,ACY,0.00,4
NK,ACY,FLL,0.00,4
NK,ACY,FLL,0.00,4
NK,ACY,FLL,0.00,4
NK,ACY,FLL,0.00,4
NK,ACY,FLL,0.00,4
NK,ACY,FLL,0.00,4
NK,FLL,ACY,0.00,4
NK,FLL,ACY,0.00,4
NK,FLL,ACY,0.00,4
NK,FLL,ACY,0.00,4
NK,FLL,ACY,0.00,4
NK,FLL,ACY,0.00,4
NK,ACY,MCO,1.00,4
NK,ACY,MCO,1.00,4
NK,ACY,MCO,1.00,4
NK,ACY,MCO,0.00,4
NK,ACY,MCO,1.00,4
NK,ACY,MCO,0.00,4
NK,ACY,MCO,0.00,4
NK,MCO,ACY,1.00,4
NK,MCO,ACY,1.00,4
NK,MCO,ACY,1.00,4
NK,MCO,ACY,0.00,4
NK,MCO,ACY,1.00,4
NK,MCO,ACY,0.00,4
NK,ACY,MCO,1.00,4
NK,ACY,MCO,1.00,4
NK,ACY,MCO,1.00,4
NK,ACY,MCO,1.00,4
NK,ACY,MCO,0.00,4
NK,ACY,MCO,0.00,4
NK,ACY,MCO,0.00,4
NK,ACY,MCO,0.00,4
NK,ACY,MCO,0.00,4
NK,ACY,MCO,0.00,4
NK,ACY,MCO,0.00,4
NK,ACY,MCO,0.00,4
NK,ACY,MCO,0.00,4
NK,ACY,MCO,0.00,4
NK,ACY,MCO,0.00,4
NK,ACY,MCO,0.00,4
NK,ACY,MCO,0.00,4
NK,ACY,MCO,0.00,4
NK,ACY,MCO,0.00,4
NK,ACY,MCO,0.00,4
NK,ACY,MCO,0.00,4
NK,ACY,MCO,0.00,4
NK,ACY,MCO,0.00,4
NK,ACY,MCO,0.00,4
NK,ACY,MCO,0.00,4
NK,ACY,MCO,0.00,4
NK,ACY,MCO,0.00,4
NK,ACY,MCO,0.00,4
NK,ACY,MCO,0.00,4
NK,ACY,MCO,0.00,4
NK,ACY,TPA,0.00,4
NK,ACY,TPA,0.00,4
NK,ACY,TPA,1.00,4
NK,ACY,TPA,1.00,4
NK,ACY,TPA,1.00,4
NK,ACY,TPA,0.00,4
NK,ACY,TPA,0.00,4
NK,TPA,ACY,0.00,4
NK,TPA,ACY,0.00,4
NK,TPA,ACY,1.00,4
NK,TPA,ACY,1.00,4
NK,TPA,ACY,1.00,4
NK,TPA,ACY,0.00,4
NK,TPA,ACY,0.00,4
NK,MYR,ACY,1.00,2
NK,MYR,ACY,1.00,2
NK,MYR,ACY,1.00,2
NK,MYR,ACY,1.00,2
NK,MYR,ACY,0.00,2
NK,MYR,ACY,1.00,2
NK,MYR,ACY,1.00,2
NK,RSW,ACY,0.00,4
NK,ACY,MYR,0.00,2
NK,ACY,MYR,1.00,2
NK,ACY,MYR,1.00,2
NK,ACY,MYR,1.00,2
NK,ACY,MYR,1.00,2
NK,ACY,MYR,0.00,2
NK,ACY,MYR,1.00,2
NK,FLL,ACY,1.00,4
NK,FLL,ACY,1.00,4
NK,EWR,MSY,1.00,5
NK,EWR,MSY,1.00,5
NK,EWR,MSY,1.00,5
NK,EWR,MSY,1.00,5
NK,EWR,MSY,1.00,5
NK,EWR,MSY,1.00,5
NK,EWR,MSY,1.00,5
NK,ATL,ACY,1.00,3
NK,EWR,FLL,1.00,5
NK,EWR,FLL,1.00,5
NK,EWR,FLL,1.00,5
NK,EWR,FLL,1.00,5
NK,EWR,FLL,1.00,5
NK,EWR,FLL,1.00,5
NK,EWR,FLL,1.00,5
NK,FLL,EWR,1.00,5
NK,FLL,EWR,1.00,5
NK,FLL,EWR,1.00,5
NK,EWR,FLL,1.00,5
NK,EWR,FLL,1.00,5
NK,EWR,FLL,1.00,5
NK,FLL,ACY,1.00,4
NK,FLL,ACY,1.00,4
NK,DTW,ACY,1.00,2
NK,FLL,ACY,1.00,4
NK,EWR,IAH,1.00,6
NK,EWR,IAH,1.00,6
NK,EWR,IAH,1.00,6
NK,EWR,IAH,1.00,6
NK,EWR,IAH,1.00,6
NK,EWR,IAH,1.00,6
NK,EWR,IAH,1.00,6
NK,IAH,EWR,1.00,6
NK,IAH,EWR,1.00,6
NK,IAH,EWR,1.00,6
NK,IAH,EWR,1.00,6
NK,IAH,EWR,1.00,6
NK,IAH,EWR,1.00,6
NK,IAH,EWR,1.00,6
NK,FLL,ACY,1.00,4
NK,TPA,EWR,1.00,4
NK,TPA,EWR,1.00,4
NK,TPA,EWR,1.00,4
NK,TPA,EWR,1.00,4
NK,TPA,EWR,1.00,4
NK,TPA,EWR,1.00,4
NK,TPA,EWR,1.00,4
NK,EWR,TPA,1.00,4
NK,EWR,TPA,1.00,4
NK,EWR,TPA,1.00,4
NK,EWR,TPA,1.00,4
NK,EWR,TPA,1.00,4
NK,EWR,TPA,1.00,4
NK,EWR,TPA,1.00,4
NK,LAS,EWR,1.00,9
NK,LAS,EWR,1.00,9
NK,LAS,EWR,1.00,9
NK,LAS,EWR,1.00,9
NK,LAS,EWR,1.00,9
NK,LAS,EWR,1.00,9
NK,EWR,MYR,1.00,3
NK,EWR,MYR,1.00,3
NK,EWR,MYR,1.00,3
NK,EWR,MYR,1.00,3
NK,MYR,EWR,1.00,3
NK,MYR,EWR,1.00,3
NK,MYR,EWR,1.00,3
NK,MYR,EWR,1.00,3
NK,RSW,ACY,1.00,4
NK,EWR,CLT,1.00,3
NK,EWR,CLT,1.00,3
NK,EWR,CLT,1.00,3
NK,EWR,CLT,1.00,3
NK,EWR,CLT,1.00,3
NK,EWR,CLT,1.00,3
NK,CLT,EWR,1.00,3
NK,CLT,EWR,1.00,3
NK,CLT,EWR,1.00,3
NK,CLT,EWR,1.00,3
NK,CLT,EWR,1.00,3
NK,CLT,EWR,1.00,3
NK,RSW,ACY,1.00,4
NK,RSW,ACY,0.00,4
NK,RSW,ACY,0.00,4
NK,RSW,ACY,0.00,4
NK,RSW,ACY,0.00,4
NK,RSW,ACY,0.00,4
NK,RSW,ACY,1.00,4
NK,RSW,ACY,0.00,4
NK,RSW,ACY,0.00,4
NK,RSW,ACY,0.00,4
NK,RSW,ACY,0.00,4
NK,RSW,ACY,0.00,4
NK,RSW,ACY,0.00,4
NK,RSW,ACY,1.00,4
NK,ACY,RSW,0.00,4
NK,ACY,RSW,0.00,4
NK,ACY,RSW,0.00,4
NK,ACY,RSW,0.00,4
NK,ACY,RSW,0.00,4
NK,ACY,RSW,0.00,4
NK,ACY,RSW,0.00,4
NK,ACY,RSW,0.00,4
NK,ACY,RSW,0.00,4
NK,ACY,RSW,0.00,4
NK,ACY,RSW,0.00,4
NK,ACY,RSW,0.00,4
NK,ACY,RSW,0.00,4
NK,ACY,RSW,0.00,4
NK,EWR,LAS,1.00,9
NK,EWR,LAS,1.00,9
NK,EWR,LAS,1.00,9
NK,EWR,LAS,1.00,9
NK,EWR,LAS,1.00,9
NK,EWR,LAS,1.00,9
NK,EWR,LAS,1.00,9
NK,RSW,EWR,1.00,5
NK,RSW,EWR,1.00,5
NK,RSW,EWR,1.00,5
NK,RSW,EWR,1.00,5
NK,RSW,EWR,1.00,5
NK,RSW,EWR,1.00,5
NK,RSW,EWR,1.00,5
NK,EWR,RSW,1.00,5
NK,EWR,RSW,1.00,5
NK,EWR,RSW,1.00,5
NK,EWR,RSW,1.00,5
NK,EWR,RSW,1.00,5
NK,EWR,RSW,1.00,5
NK,EWR,RSW,1.00,5
NK,EWR,SJU,1.00,7
NK,EWR,SJU,1.00,7
NK,EWR,SJU,1.00,7
NK,SJU,EWR,1.00,7
NK,SJU,EWR,1.00,7
NK,SJU,EWR,1.00,7
NK,MCO,ACY,1.00,4
NK,MCO,EWR,1.00,4
NK,MCO,EWR,1.00,4
NK,MCO,EWR,1.00,4
NK,MCO,EWR,1.00,4
NK,MCO,EWR,1.00,4
NK,MCO,EWR,1.00,4
NK,MCO,EWR,1.00,4
NK,EWR,ATL,1.00,3
NK,EWR,ATL,1.00,3
NK,EWR,ATL,1.00,3
NK,EWR,ATL,1.00,3
NK,EWR,ATL,1.00,3
NK,EWR,ATL,1.00,3
NK,EWR,ATL,1.00,3
NK,EWR,MCO,1.00,4
NK,EWR,MCO,1.00,4
NK,EWR,MCO,1.00,4
NK,EWR,MCO,1.00,4
NK,EWR,MCO,1.00,4
NK,EWR,MCO,1.00,4
NK,EWR,MCO,1.00,4
NK,ATL,EWR,1.00,3
NK,ATL,EWR,1.00,3
NK,ATL,EWR,1.00,3
NK,ATL,EWR,1.00,3
NK,ATL,EWR,1.00,3
NK,ATL,EWR,1.00,3
NK,ATL,EWR,1.00,3
NK,BNA,EWR,1.00,3
NK,BNA,EWR,1.00,3
NK,BNA,EWR,1.00,3
NK,BNA,EWR,1.00,3
NK,BNA,EWR,1.00,3
NK,BNA,EWR,1.00,3
NK,EWR,BNA,1.00,3
NK,EWR,BNA,1.00,3
NK,EWR,BNA,1.00,3
NK,EWR,BNA,1.00,3
NK,EWR,BNA,1.00,3
NK,EWR,BNA,1.00,3
NK,MSY,EWR,1.00,5
NK,MSY,EWR,1.00,5
NK,MSY,EWR,1.00,5
NK,MSY,EWR,1.00,5
NK,MSY,EWR,1.00,5
NK,MSY,EWR,1.00,5
NK,DTW,ACY,1.00,2
NK,FLL,ACY,0.00,4
NK,FLL,ACY,1.00,4
NK,MYR,ACY,1.00,2
NK,FLL,EWR,1.00,5
NK,FLL,EWR,1.00,5
NK,FLL,EWR,1.00,5
NK,FLL,EWR,1.00,5
NK,FLL,EWR,1.00,5
NK,FLL,EWR,1.00,5
NK,FLL,EWR,1.00,5
NK,FLL,EWR,1.00,5
NK,FLL,EWR,1.00,5
NK,FLL,EWR,1.00,5
NK,FLL,EWR,1.00,5
NK,FLL,EWR,1.00,5
NK,FLL,EWR,1.00,5
NK,FLL,EWR,1.00,5
NK,EWR,FLL,1.00,5
NK,EWR,FLL,1.00,5
NK,EWR,FLL,1.00,5
NK,EWR,FLL,1.00,5
NK,EWR,FLL,1.00,5
NK,EWR,FLL,1.00,5
NK,EWR,FLL,1.00,5
NK,TPA,ACY,0.00,4
NK,MCO,ACY,0.00,4
NK,MCO,ACY,1.00,4
NK,MCO,ACY,1.00,4
NK,MCO,ACY,1.00,4
NK,ACY,MCO,0.00,4
NK,ACY,MCO,1.00,4
NK,ACY,MCO,1.00,4
NK,ACY,MCO,1.00,4
NK,ATL,ACY,0.00,3
NK,MYR,ACY,1.00,2
NK,AUS,EWR,1.00,7
NK,AUS,EWR,1.00,7
NK,AUS,EWR,1.00,7
NK,AUS,EWR,1.00,7
NK,AUS,EWR,1.00,7
NK,AUS,EWR,1.00,7
NK,AUS,ACY,1.00,6
NK,AUS,EWR,1.00,7
NK,EWR,AUS,1.00,7
NK,EWR,AUS,1.00,7
NK,EWR,AUS,1.00,7
NK,EWR,AUS,1.00,7
NK,EWR,AUS,1.00,7
NK,EWR,AUS,1.00,7
NK,EWR,AUS,1.00,7
NK,SJU,EWR,1.00,7
NK,SJU,EWR,1.00,7
NK,SJU,EWR,1.00,7
NK,EWR,SJU,1.00,7
NK,EWR,SJU,1.00,7
NK,EWR,SJU,1.00,7
OO,EWR,DTW,1.00,2
OO,DTW,EWR,1.00,2
OO,EWR,MSP,1.00,5
OO,MSP,EWR,1.00,5
OO,EWR,MSP,1.00,5
OO,EWR,MSP,0.00,5
OO,MSP,EWR,0.00,5
OO,EWR,MSP,0.00,5
OO,MSP,EWR,0.00,5
OO,MSP,EWR,0.00,5
OO,EWR,MSP,0.00,5
OO,EWR,MSP,0.00,5
OO,MSP,EWR,0.00,5
OO,MSP,EWR,0.00,5
OO,EWR,MSP,0.00,5
OO,EWR,MSP,0.00,5
OO,MSP,EWR,0.00,5
OO,MSP,EWR,0.00,5
OO,EWR,MSP,0.00,5
OO,EWR,MSP,0.00,5
OO,MSP,EWR,0.00,5
OO,MSP,EWR,0.00,5
OO,EWR,MSP,0.00,5
OO,EWR,MSP,0.00,5
OO,MSP,EWR,0.00,5
OO,MSP,EWR,0.00,5
OO,EWR,MSP,0.00,5
OO,EWR,MSP,1.00,5
OO,MSP,EWR,1.00,5
OO,MSP,EWR,1.00,5
OO,EWR,MSP,1.00,5
OO,EWR,MSP,1.00,5
OO,MSP,EWR,1.00,5
OO,MSP,EWR,1.00,5
OO,EWR,MSP,1.00,5
OO,EWR,MSP,1.00,5
OO,MSP,EWR,1.00,5
OO,MSP,EWR,1.00,5
OO,EWR,MSP,1.00,5
OO,EWR,MSP,1.00,5
OO,MSP,EWR,1.00,5
OO,MSP,EWR,1.00,5
OO,EWR,MSP,1.00,5
OO,EWR,MSP,1.00,5
OO,MSP,EWR,1.00,5
OO,MSP,EWR,1.00,5
OO,EWR,MSP,1.00,5
OO,EWR,MSP,1.00,5
OO,MSP,EWR,1.00,5
OO,MSP,EWR,1.00,5
OO,EWR,MSP,1.00,5
OO,EWR,MSP,1.00,5
OO,MSP,EWR,1.00,5
OO,MSP,EWR,1.00,5
OO,EWR,MSP,1.00,5
OO,EWR,MSP,1.00,5
OO,MSP,EWR,1.00,5
OO,MSP,EWR,1.00,5
OO,EWR,MSP,1.00,5
OO,EWR,MSP,1.00,5
OO,MSP,EWR,1.00,5
OO,MSP,EWR,1.00,5
OO,EWR,MSP,1.00,5
OO,EWR,MSP,1.00,5
OO,MSP,EWR,1.00,5
OO,MSP,EWR,1.00,5
OO,EWR,MSP,1.00,5
OO,EWR,MSP,1.00,5
OO,MSP,EWR,1.00,5
OO,MSP,EWR,1.00,5
OO,EWR,MSP,1.00,5
OO,EWR,MSP,1.00,5
OO,MSP,EWR,1.00,5
OO,MSP,EWR,1.00,5
OO,EWR,MSP,1.00,5
OO,EWR,MSP,1.00,5
OO,MSP,EWR,1.00,5
OO,MSP,EWR,1.00,5
OO,EWR,MSP,1.00,5
OO,EWR,MSP,1.00,5
OO,MSP,EWR,1.00,5
OO,MSP,EWR,1.00,5
OO,EWR,MSP,1.00,5
OO,EWR,MSP,0.00,5
OO,MSP,EWR,0.00,5
OO,MSP,EWR,1.00,5
OO,EWR,MSP,1.00,5
OO,EWR,MSP,1.00,5
OO,MSP,EWR,1.00,5
OO,MSP,EWR,1.00,5
OO,EWR,MSP,1.00,5
OO,EWR,MSP,1.00,5
OO,MSP,EWR,1.00,5
OO,MSP,EWR,1.00,5
OO,EWR,MSP,1.00,5
OO,EWR,MSP,0.00,5
OO,MSP,EWR,0.00,5
OO,MSP,EWR,0.00,5
OO,EWR,MSP,0.00,5
OO,EWR,MSP,0.00,5
OO,MSP,EWR,0.00,5
OO,MSP,EWR,0.00,5
OO,EWR,MSP,0.00,5
OO,EWR,MSP,0.00,5
OO,MSP,EWR,0.00,5
OO,MSP,EWR,0.00,5
OO,EWR,MSP,0.00,5
OO,EWR,MSP,0.00,5
OO,MSP,EWR,0.00,5
OO,MSP,EWR,1.00,5
OO,EWR,MSP,1.00,5
OO,EWR,MSP,0.00,5
OO,MSP,EWR,0.00,5
OO,MSP,EWR,1.00,5
OO,EWR,MSP,1.00,5
OO,EWR,MSP,0.00,5
OO,MSP,EWR,0.00,5
OO,MSP,EWR,0.00,5
OO,EWR,MSP,0.00,5
UA,IAD,EWR,0.00,1
UA,SFO,EWR,0.00,11
UA,EWR,DEN,0.00,7
UA,ORD,EWR,0.00,3
UA,LAX,EWR,0.00,10
UA,IAD,EWR,0.00,1
UA,IAD,EWR,0.00,1
UA,EWR,ORD,0.00,3
UA,EWR,SFO,0.00,11
UA,EWR,LAX,0.00,10
UA,DEN,EWR,0.00,7
UA,EWR,IAD,0.00,1
UA,EWR,ORD,0.00,3
UA,LAX,EWR,0.00,10
UA,EWR,IAD,0.00,1
UA,EWR,LAX,0.00,10
UA,SFO,EWR,0.00,11
UA,IAH,EWR,0.00,6
UA,EWR,SFO,0.00,11
UA,EWR,IAH,0.00,6
UA,IAH,EWR,0.00,6
UA,EWR,IAH,0.00,6
UA,EWR,IAD,0.00,1
UA,ORD,EWR,0.00,3
UA,IAD,EWR,0.00,1
UA,SFO,EWR,0.00,11
UA,EWR,DEN,0.00,7
UA,ORD,EWR,0.00,3
UA,LAX,EWR,0.00,10
UA,IAD,EWR,0.00,1
UA,IAD,EWR,0.00,1
UA,EWR,ORD,0.00,3
UA,EWR,SFO,0.00,11
UA,EWR,LAX,0.00,10
UA,DEN,EWR,0.00,7
UA,EWR,IAD,0.00,1
UA,EWR,ORD,0.00,3
UA,LAX,EWR,0.00,10
UA,EWR,IAD,0.00,1
UA,EWR,LAX,0.00,10
UA,SFO,EWR,0.00,11
UA,IAH,EWR,0.00,6
UA,EWR,SFO,0.00,11
UA,EWR,IAH,0.00,6
UA,IAH,EWR,0.00,6
UA,EWR,IAH,0.00,6
UA,EWR,IAD,0.00,1
UA,ORD,EWR,0.00,3
UA,IAD,EWR,0.00,1
UA,SFO,EWR,0.00,11
UA,EWR,DEN,0.00,7
UA,ORD,EWR,0.00,3
UA,LAX,EWR,0.00,10
UA,IAD,EWR,0.00,1
UA,IAD,EWR,0.00,1
UA,EWR,ORD,0.00,3
UA,EWR,SFO,0.00,11
UA,EWR,LAX,0.00,10
UA,DEN,EWR,0.00,7
UA,EWR,IAD,0.00,1
UA,EWR,ORD,0.00,3
UA,LAX,EWR,0.00,10
UA,EWR,IAD,0.00,1
UA,EWR,LAX,0.00,10
UA,SFO,EWR,0.00,11
UA,IAH,EWR,0.00,6
UA,EWR,SFO,0.00,11
UA,EWR,IAH,0.00,6
UA,IAH,EWR,0.00,6
UA,EWR,IAH,0.00,6
UA,EWR,IAD,0.00,1
UA,ORD,EWR,0.00,3
UA,IAD,EWR,0.00,1
UA,SFO,EWR,0.00,11
UA,EWR,DEN,0.00,7
UA,ORD,EWR,0.00,3
UA,LAX,EWR,0.00,10
UA,IAD,EWR,0.00,1
UA,IAD,EWR,0.00,1
UA,EWR,ORD,0.00,3
UA,EWR,SFO,0.00,11
UA,EWR,LAX,0.00,10
UA,DEN,EWR,0.00,7
UA,EWR,IAD,0.00,1
UA,EWR,ORD,0.00,3
UA,LAX,EWR,0.00,10
UA,EWR,IAD,0.00,1
UA,EWR,LAX,0.00,10
UA,SFO,EWR,0.00,11
UA,IAH,EWR,0.00,6
UA,EWR,SFO,0.00,11
UA,EWR,IAH,0.00,6
UA,IAH,EWR,0.00,6
UA,EWR,IAH,0.00,6
UA,EWR,IAD,0.00,1
UA,ORD,EWR,0.00,3
UA,IAD,EWR,0.00,1
UA,SFO,EWR,0.00,11
UA,EWR,DEN,0.00,7
UA,ORD,EWR,0.00,3
UA,LAX,EWR,0.00,10
UA,IAD,EWR,0.00,1
UA,IAD,EWR,0.00,1
UA,EWR,ORD,0.00,3
UA,EWR,SFO,0.00,11
UA,EWR,LAX,0.00,10
UA,DEN,EWR,0.00,7
UA,EWR,IAD,0.00,1
UA,EWR,ORD,0.00,3
UA,LAX,EWR,0.00,10
UA,EWR,IAD,0.00,1
UA,EWR,LAX,0.00,10
UA,SFO,EWR,0.00,11
UA,IAH,EWR,0.00,6
UA,EWR,SFO,0.00,11
UA,EWR,IAH,0.00,6
UA,IAH,EWR,0.00,6
UA,EWR,IAH,0.00,6
UA,EWR,IAD,0.00,1
UA,ORD,EWR,0.00,3
UA,IAD,EWR,0.00,1
UA,SFO,EWR,0.00,11
UA,EWR,DEN,0.00,7
UA,ORD,EWR,0.00,3
UA,IAD,EWR,0.00,1
UA,IAD,EWR,0.00,1
UA,EWR,ORD,0.00,3
UA,EWR,SFO,0.00,11
UA,DEN,EWR,0.00,7
UA,EWR,IAD,0.00,1
UA,LAX,EWR,0.00,10
UA,EWR,IAD,0.00,1
UA,EWR,LAX,0.00,10
UA,EWR,ORD,0.00,3
UA,SFO,EWR,0.00,11
UA,IAH,EWR,0.00,6
UA,EWR,SFO,0.00,11
UA,EWR,IAH,0.00,6
UA,IAH,EWR,0.00,6
UA,EWR,IAH,0.00,6
UA,EWR,IAD,0.00,1
UA,ORD,EWR,0.00,3
UA,IAD,EWR,0.00,1
UA,SFO,EWR,0.00,11
UA,EWR,DEN,0.00,7
UA,ORD,EWR,0.00,3
UA,LAX,EWR,0.00,10
UA,IAD,EWR,0.00,1
UA,IAD,EWR,0.00,1
UA,EWR,ORD,0.00,3
UA,EWR,SFO,0.00,11
UA,EWR,LAX,0.00,10
UA,DEN,EWR,0.00,7
UA,EWR,IAD,0.00,1
UA,EWR,ORD,0.00,3
UA,LAX,EWR,0.00,10
UA,EWR,IAD,0.00,1
UA,EWR,LAX,0.00,10
UA,SFO,EWR,0.00,11
UA,IAH,EWR,0.00,6
UA,EWR,SFO,0.00,11
UA,EWR,IAH,0.00,6
UA,IAH,EWR,0.00,6
UA,EWR,IAH,0.00,6
UA,EWR,IAD,0.00,1
UA,ORD,EWR,0.00,3
UA,IAD,EWR,0.00,1
UA,SFO,EWR,0.00,11
UA,EWR,DEN,0.00,7
UA,ORD,EWR,0.00,3
UA,LAX,EWR,0.00,10
UA,IAD,EWR,0.00,1
UA,IAD,EWR,0.00,1
UA,EWR,ORD,0.00,3
UA,EWR,SFO,0.00,11
UA,EWR,LAX,0.00,10
UA,DEN,EWR,0.00,7
UA,EWR,IAD,0.00,1
UA,EWR,ORD,0.00,3
UA,LAX,EWR,0.00,10
UA,EWR,IAD,0.00,1
UA,EWR,LAX,0.00,10
UA,SFO,EWR,0.00,11
UA,IAH,EWR,0.00,6
UA,EWR,SFO,0.00,11
UA,EWR,IAH,0.00,6
UA,IAH,EWR,0.00,6
UA,EWR,IAH,0.00,6
UA,EWR,IAD,0.00,1
UA,ORD,EWR,0.00,3
UA,IAD,EWR,0.00,1
UA,SFO,EWR,0.00,11
UA,EWR,DEN,0.00,7
UA,ORD,EWR,0.00,3
UA,LAX,EWR,0.00,10
UA,IAD,EWR,0.00,1
UA,IAD,EWR,0.00,1
UA,EWR,ORD,0.00,3
UA,EWR,SFO,0.00,11
UA,EWR,LAX,0.00,10
UA,DEN,EWR,0.00,7
UA,EWR,IAD,0.00,1
UA,EWR,ORD,0.00,3
UA,LAX,EWR,0.00,10
UA,EWR,IAD,0.00,1
UA,EWR,LAX,0.00,10
UA,SFO,EWR,0.00,11
UA,EWR,ORD,1.00,3
UA,IAH,EWR,0.00,6
UA,EWR,SFO,0.00,11
UA,EWR,IAH,0.00,6
UA,IAH,EWR,0.00,6
UA,EWR,IAH,0.00,6
UA,EWR,IAD,0.00,1
UA,ORD,EWR,0.00,3
UA,IAD,EWR,0.00,1
UA,SFO,EWR,0.00,11
UA,EWR,DEN,0.00,7
UA,ORD,EWR,0.00,3
UA,LAX,EWR,0.00,10
UA,IAD,EWR,0.00,1
UA,IAD,EWR,0.00,1
UA,EWR,ORD,0.00,3
UA,EWR,SFO,0.00,11
UA,EWR,LAX,0.00,10
UA,ORD,EWR,1.00,3
UA,DEN,EWR,0.00,7
UA,EWR,IAD,0.00,1
UA,EWR,ORD,0.00,3
UA,LAX,EWR,0.00,10
UA,EWR,IAD,0.00,1
UA,EWR,LAX,0.00,10
UA,SFO,EWR,0.00,11
UA,EWR,ORD,1.00,3
UA,IAH,EWR,0.00,6
UA,EWR,SFO,0.00,11
UA,EWR,IAH,0.00,6
UA,IAH,EWR,0.00,6
UA,EWR,IAH,0.00,6
UA,EWR,IAD,0.00,1
UA,ORD,EWR,0.00,3
UA,IAD,EWR,0.00,1
UA,SFO,EWR,0.00,11
UA,EWR,DEN,0.00,7
UA,ORD,EWR,0.00,3
UA,LAX,EWR,0.00,10
UA,IAD,EWR,0.00,1
UA,IAD,EWR,0.00,1
UA,EWR,ORD,0.00,3
UA,EWR,SFO,0.00,11
UA,EWR,LAX,0.00,10
UA,ORD,EWR,1.00,3
UA,DEN,EWR,0.00,7
UA,EWR,IAD,0.00,1
UA,EWR,ORD,0.00,3
UA,LAX,EWR,0.00,10
UA,EWR,IAD,0.00,1
UA,EWR,LAX,0.00,10
UA,SFO,EWR,0.00,11
UA,EWR,ORD,1.00,3
UA,IAH,EWR,0.00,6
UA,EWR,SFO,0.00,11
UA,EWR,IAH,0.00,6
UA,IAH,EWR,0.00,6
UA,EWR,IAH,0.00,6
UA,EWR,IAD,0.00,1
UA,ORD,EWR,0.00,3
UA,IAD,EWR,0.00,1
UA,SFO,EWR,0.00,11
UA,EWR,DEN,0.00,7
UA,ORD,EWR,0.00,3
UA,LAX,EWR,0.00,10
UA,IAD,EWR,0.00,1
UA,IAD,EWR,0.00,1
UA,EWR,ORD,0.00,3
UA,EWR,SFO,0.00,11
UA,EWR,LAX,0.00,10
UA,ORD,EWR,1.00,3
UA,DEN,EWR,0.00,7
UA,EWR,IAD,0.00,1
UA,EWR,ORD,0.00,3
UA,LAX,EWR,0.00,10
UA,EWR,IAD,0.00,1
UA,EWR,LAX,0.00,10
UA,SFO,EWR,0.00,11
UA,EWR,ORD,1.00,3
UA,IAH,EWR,0.00,6
UA,EWR,SFO,0.00,11
UA,EWR,IAH,0.00,6
UA,IAH,EWR,0.00,6
UA,EWR,IAH,0.00,6
UA,EWR,IAD,0.00,1
UA,ORD,EWR,0.00,3
UA,IAD,EWR,0.00,1
UA,SFO,EWR,0.00,11
UA,EWR,DEN,0.00,7
UA,ORD,EWR,0.00,3
UA,IAD,EWR,0.00,1
UA,IAD,EWR,0.00,1
UA,EWR,ORD,0.00,3
UA,EWR,SFO,0.00,11
UA,ORD,EWR,1.00,3
UA,DEN,EWR,0.00,7
UA,EWR,IAD,0.00,1
UA,LAX,EWR,0.00,10
UA,EWR,IAD,0.00,1
UA,EWR,LAX,0.00,10
UA,EWR,ORD,0.00,3
UA,SFO,EWR,0.00,11
UA,EWR,ORD,1.00,3
UA,IAH,EWR,0.00,6
UA,EWR,SFO,0.00,11
UA,EWR,IAH,0.00,6
UA,IAH,EWR,0.00,6
UA,EWR,IAH,0.00,6
UA,EWR,IAD,0.00,1
UA,ORD,EWR,0.00,3
UA,IAD,EWR,0.00,1
UA,SFO,EWR,0.00,11
UA,EWR,DEN,0.00,7
UA,ORD,EWR,0.00,3
UA,LAX,EWR,0.00,10
UA,IAD,EWR,0.00,1
UA,IAD,EWR,0.00,1
UA,EWR,ORD,0.00,3
UA,EWR,SFO,0.00,11
UA,EWR,LAX,0.00,10
UA,ORD,EWR,1.00,3
UA,DEN,EWR,0.00,7
UA,EWR,IAD,0.00,1
UA,EWR,ORD,0.00,3
UA,LAX,EWR,0.00,10
UA,EWR,IAD,0.00,1
UA,EWR,LAX,0.00,10
UA,SFO,EWR,0.00,11
UA,EWR,ORD,1.00,3
UA,IAH,EWR,0.00,6
UA,EWR,SFO,0.00,11
UA,EWR,IAH,0.00,6
UA,IAH,EWR,0.00,6
UA,EWR,IAH,0.00,6
UA,EWR,IAD,0.00,1
UA,ORD,EWR,1.00,3
UA,EWR,RSW,1.00,5
UA,IAD,EWR,0.00,1
UA,SFO,EWR,0.00,11
UA,EWR,DEN,0.00,7
UA,EWR,RDU,1.00,2
UA,MCO,EWR,1.00,4
UA,ORD,EWR,0.00,3
UA,EWR,BOS,1.00,1
UA,DFW,EWR,1.00,6
UA,LAX,EWR,0.00,10
UA,IAD,EWR,0.00,1
UA,ORD,EWR,1.00,3
UA,IAD,EWR,0.00,1
UA,EWR,ORD,0.00,3
UA,EWR,SFO,0.00,11
UA,EWR,ORD,1.00,3
UA,EWR,LAX,0.00,10
UA,FLL,EWR,1.00,5
UA,EWR,ATL,1.00,3
UA,ORD,EWR,1.00,3
UA,EWR,BOS,1.00,1
UA,ORD,EWR,1.00,3
UA,DEN,EWR,0.00,7
UA,LAX,EWR,1.00,10
UA,EWR,IAD,0.00,1
UA,RDU,EWR,1.00,2
UA,EWR,ORD,0.00,3
UA,IAH,EWR,1.00,6
UA,EWR,MCO,1.00,4
UA,PBI,EWR,1.00,5
UA,EWR,CLE,1.00,2
UA,EWR,IAH,1.00,6
UA,EWR,PBI,1.00,5
UA,LAX,EWR,0.00,10
UA,EWR,IAD,0.00,1
UA,EWR,MIA,1.00,5
UA,EWR,LAX,0.00,10
UA,EWR,ORD,1.00,3
UA,SFO,EWR,0.00,11
UA,EWR,TPA,1.00,4
UA,EWR,ORD,1.00,3
UA,DEN,EWR,1.00,7
UA,EWR,IAH,1.00,6
UA,TPA,EWR,1.00,4
UA,BOS,EWR,1.00,1
UA,EWR,DEN,1.00,7
UA,EWR,IAH,1.00,6
UA,CLE,EWR,1.00,2
UA,IAH,EWR,0.00,6
UA,EWR,SFO,0.00,11
UA,MIA,EWR,1.00,5
UA,EWR,DEN,1.00,7
UA,RSW,EWR,1.00,5
UA,EWR,FLL,1.00,5
UA,EWR,IAH,0.00,6
UA,IAH,EWR,0.00,6
UA,IAH,EWR,1.00,6
UA,DEN,EWR,1.00,7
UA,EWR,IAH,0.00,6
UA,EWR,DFW,1.00,6
UA,EWR,IAD,0.00,1
UA,BOS,EWR,1.00,1
UA,EWR,LAX,1.00,10
UA,ORD,EWR,0.00,3
UA,BNA,EWR,1.00,3
UA,EWR,RSW,1.00,5
UA,IAD,EWR,0.00,1
UA,SFO,EWR,0.00,11
UA,EWR,DEN,0.00,7
UA,EWR,RDU,1.00,2
UA,MCO,EWR,1.00,4
UA,ORD,EWR,0.00,3
UA,EWR,BOS,1.00,1
UA,DFW,EWR,1.00,6
UA,LAX,EWR,0.00,10
UA,IAD,EWR,0.00,1
UA,ORD,EWR,1.00,3
UA,IAD,EWR,0.00,1
UA,EWR,ORD,0.00,3
UA,EWR,SFO,0.00,11
UA,EWR,ORD,1.00,3
UA,EWR,LAX,0.00,10
UA,FLL,EWR,1.00,5
UA,EWR,ATL,1.00,3
UA,ORD,EWR,1.00,3
UA,EWR,BOS,1.00,1
UA,ORD,EWR,1.00,3
UA,DEN,EWR,0.00,7
UA,LAX,EWR,1.00,10
UA,EWR,IAD,0.00,1
UA,RDU,EWR,1.00,2
UA,EWR,ORD,0.00,3
UA,IAH,EWR,1.00,6
UA,EWR,MCO,1.00,4
UA,PBI,EWR,1.00,5
UA,EWR,CLE,1.00,2
UA,EWR,IAH,1.00,6
UA,EWR,PBI,1.00,5
UA,LAX,EWR,0.00,10
UA,EWR,IAD,1.00,1
UA,EWR,MIA,1.00,5
UA,EWR,LAX,0.00,10
UA,EWR,ORD,1.00,3
UA,SFO,EWR,0.00,11
UA,EWR,TPA,1.00,4
UA,EWR,ORD,1.00,3
UA,DEN,EWR,1.00,7
UA,EWR,IAH,1.00,6
UA,TPA,EWR,1.00,4
UA,BOS,EWR,1.00,1
UA,EWR,DEN,1.00,7
UA,EWR,IAH,1.00,6
UA,CLE,EWR,1.00,2
UA,IAH,EWR,0.00,6
UA,EWR,SFO,0.00,11
UA,MIA,EWR,1.00,5
UA,EWR,DEN,1.00,7
UA,RSW,EWR,1.00,5
UA,EWR,FLL,1.00,5
UA,EWR,IAH,0.00,6
UA,IAH,EWR,0.00,6
UA,IAH,EWR,1.00,6
UA,DEN,EWR,1.00,7
UA,EWR,IAH,0.00,6
UA,EWR,DFW,1.00,6
UA,EWR,IAD,0.00,1
UA,BOS,EWR,1.00,1
UA,EWR,LAX,1.00,10
UA,ORD,EWR,0.00,3
UA,BNA,EWR,1.00,3
UA,EWR,RSW,1.00,5
UA,IAD,EWR,0.00,1
UA,SFO,EWR,0.00,11
UA,EWR,DEN,0.00,7
UA,EWR,RDU,1.00,2
UA,MCO,EWR,1.00,4
UA,ORD,EWR,0.00,3
UA,EWR,BOS,1.00,1
UA,DFW,EWR,1.00,6
UA,LAX,EWR,0.00,10
UA,IAD,EWR,0.00,1
UA,ORD,EWR,1.00,3
UA,IAD,EWR,0.00,1
UA,EWR,ORD,0.00,3
UA,EWR,SFO,0.00,11
UA,EWR,ORD,1.00,3
UA,EWR,LAX,0.00,10
UA,FLL,EWR,1.00,5
UA,EWR,ATL,1.00,3
UA,ORD,EWR,1.00,3
UA,EWR,BOS,1.00,1
UA,ORD,EWR,1.00,3
UA,DEN,EWR,0.00,7
UA,LAX,EWR,1.00,10
UA,EWR,IAD,0.00,1
UA,RDU,EWR,1.00,2
UA,EWR,ORD,0.00,3
UA,IAH,EWR,1.00,6
UA,EWR,MCO,1.00,4
UA,PBI,EWR,1.00,5
UA,EWR,CLE,1.00,2
UA,EWR,IAH,1.00,6
UA,EWR,PBI,1.00,5
UA,LAX,EWR,0.00,10
UA,EWR,IAD,1.00,1
UA,EWR,MIA,1.00,5
UA,EWR,LAX,0.00,10
UA,EWR,ORD,1.00,3
UA,SFO,EWR,0.00,11
UA,EWR,TPA,1.00,4
UA,EWR,ORD,0.00,3
UA,DEN,EWR,1.00,7
UA,EWR,IAH,1.00,6
UA,TPA,EWR,1.00,4
UA,BOS,EWR,1.00,1
UA,EWR,DEN,1.00,7
UA,EWR,IAH,1.00,6
UA,CLE,EWR,1.00,2
UA,IAH,EWR,0.00,6
UA,EWR,SFO,1.00,11
UA,MIA,EWR,1.00,5
UA,EWR,DEN,1.00,7
UA,RSW,EWR,1.00,5
UA,EWR,FLL,1.00,5
UA,IAH,EWR,0.00,6
UA,IAH,EWR,1.00,6
UA,DEN,EWR,1.00,7
UA,EWR,IAH,0.00,6
UA,EWR,DFW,1.00,6
UA,EWR,IAD,0.00,1
UA,BOS,EWR,1.00,1
UA,EWR,LAX,1.00,10
UA,ORD,EWR,0.00,3
UA,BNA,EWR,1.00,3
UA,EWR,RSW,1.00,5
UA,IAD,EWR,0.00,1
UA,SFO,EWR,0.00,11
UA,EWR,DEN,0.00,7
UA,EWR,RDU,1.00,2
UA,MCO,EWR,1.00,4
UA,ORD,EWR,0.00,3
UA,EWR,BOS,1.00,1
UA,DFW,EWR,1.00,6
UA,LAX,EWR,0.00,10
UA,IAD,EWR,0.00,1
UA,ORD,EWR,1.00,3
UA,IAD,EWR,0.00,1
UA,EWR,ORD,0.00,3
UA,EWR,SFO,0.00,11
UA,EWR,ORD,1.00,3
UA,EWR,LAX,0.00,10
UA,FLL,EWR,1.00,5
UA,EWR,ATL,1.00,3
UA,ORD,EWR,0.00,3
UA,EWR,BOS,1.00,1
UA,ORD,EWR,1.00,3
UA,DEN,EWR,0.00,7
UA,LAX,EWR,1.00,10
UA,EWR,IAD,0.00,1
UA,RDU,EWR,1.00,2
UA,EWR,ORD,0.00,3
UA,IAH,EWR,1.00,6
UA,EWR,MCO,1.00,4
UA,PBI,EWR,1.00,5
UA,EWR,CLE,1.00,2
UA,EWR,IAH,1.00,6
UA,EWR,PBI,1.00,5
UA,LAX,EWR,1.00,10
UA,EWR,IAD,0.00,1
UA,EWR,MIA,1.00,5
UA,EWR,LAX,0.00,10
UA,EWR,ORD,1.00,3
UA,SFO,EWR,0.00,11
UA,EWR,TPA,1.00,4
UA,EWR,ORD,0.00,3
UA,DEN,EWR,1.00,7
UA,EWR,IAH,1.00,6
UA,TPA,EWR,1.00,4
UA,BOS,EWR,1.00,1
UA,EWR,DEN,1.00,7
UA,EWR,IAH,1.00,6
UA,CLE,EWR,1.00,2
UA,IAH,EWR,0.00,6
UA,EWR,SFO,0.00,11
UA,MIA,EWR,1.00,5
UA,EWR,DEN,1.00,7
UA,RSW,EWR,1.00,5
UA,EWR,FLL,1.00,5
UA,IAH,EWR,0.00,6
UA,IAH,EWR,1.00,6
UA,DEN,EWR,1.00,7
UA,EWR,IAH,0.00,6
UA,EWR,DFW,1.00,6
UA,EWR,IAD,0.00,1
UA,BOS,EWR,1.00,1
UA,EWR,LAX,1.00,10
UA,ORD,EWR,1.00,3
UA,BNA,EWR,1.00,3
UA,EWR,RSW,1.00,5
UA,IAD,EWR,0.00,1
UA,SFO,EWR,0.00,11
UA,EWR,DEN,0.00,7
UA,EWR,RDU,1.00,2
UA,MCO,EWR,1.00,4
UA,ORD,EWR,0.00,3
UA,EWR,BOS,1.00,1
UA,DFW,EWR,1.00,6
UA,LAX,EWR,0.00,10
UA,ORD,EWR,1.00,3
UA,IAD,EWR,0.00,1
UA,EWR,ORD,0.00,3
UA,EWR,SFO,0.00,11
UA,EWR,ORD,1.00,3
UA,EWR,LAX,0.00,10
UA,FLL,EWR,1.00,5
UA,EWR,ATL,1.00,3
UA,ORD,EWR,1.00,3
UA,EWR,BOS,1.00,1
UA,ORD,EWR,1.00,3
UA,DEN,EWR,0.00,7
UA,LAX,EWR,1.00,10
UA,EWR,IAD,0.00,1
UA,RDU,EWR,1.00,2
UA,EWR,ORD,0.00,3
UA,IAH,EWR,1.00,6
UA,EWR,MCO,1.00,4
UA,PBI,EWR,1.00,5
UA,EWR,CLE,1.00,2
UA,EWR,IAH,1.00,6
UA,EWR,PBI,1.00,5
UA,LAX,EWR,0.00,10
UA,EWR,MIA,1.00,5
UA,EWR,LAX,0.00,10
UA,EWR,ORD,1.00,3
UA,SFO,EWR,0.00,11
UA,EWR,TPA,1.00,4
UA,EWR,ORD,0.00,3
UA,DEN,EWR,1.00,7
UA,EWR,IAH,0.00,6
UA,TPA,EWR,1.00,4
UA,BOS,EWR,1.00,1
UA,EWR,DEN,1.00,7
UA,EWR,IAH,1.00,6
UA,CLE,EWR,1.00,2
UA,IAH,EWR,0.00,6
UA,EWR,SFO,0.00,11
UA,MIA,EWR,1.00,5
UA,EWR,DEN,0.00,7
UA,RSW,EWR,1.00,5
UA,EWR,FLL,1.00,5
UA,IAH,EWR,0.00,6
UA,IAH,EWR,1.00,6
UA,DEN,EWR,1.00,7
UA,DFW,EWR,1.00,6
UA,EWR,IAH,0.00,6
UA,EWR,DFW,1.00,6
UA,EWR,IAD,0.00,1
UA,BOS,EWR,1.00,1
UA,EWR,LAX,1.00,10
UA,ORD,EWR,0.00,3
UA,BNA,EWR,1.00,3
UA,EWR,RSW,0.00,5
UA,IAD,EWR,0.00,1
UA,SFO,EWR,0.00,11
UA,EWR,DEN,1.00,7
UA,EWR,RDU,0.00,2
UA,MCO,EWR,1.00,4
UA,ORD,EWR,1.00,3
UA,EWR,BOS,1.00,1
UA,ORD,EWR,1.00,3
UA,IAD,EWR,0.00,1
UA,EWR,ORD,0.00,3
UA,EWR,SFO,0.00,11
UA,EWR,ORD,1.00,3
UA,FLL,EWR,1.00,5
UA,EWR,ATL,0.00,3
UA,ORD,EWR,1.00,3
UA,EWR,BOS,0.00,1
UA,ORD,EWR,0.00,3
UA,DEN,EWR,1.00,7
UA,LAX,EWR,1.00,10
UA,EWR,IAD,0.00,1
UA,RDU,EWR,0.00,2
UA,EWR,ORD,1.00,3
UA,IAH,EWR,1.00,6
UA,EWR,MCO,0.00,4
UA,PBI,EWR,0.00,5
UA,EWR,CLE,1.00,2
UA,EWR,IAH,1.00,6
UA,EWR,PBI,0.00,5
UA,LAX,EWR,0.00,10
UA,EWR,MIA,1.00,5
UA,EWR,LAX,1.00,10
UA,EWR,ORD,0.00,3
UA,SFO,EWR,0.00,11
UA,EWR,TPA,0.00,4
UA,EWR,ORD,1.00,3
UA,DEN,EWR,0.00,7
UA,EWR,IAH,0.00,6
UA,TPA,EWR,0.00,4
UA,BOS,EWR,0.00,1
UA,EWR,DEN,1.00,7
UA,EWR,IAH,1.00,6
UA,CLE,EWR,1.00,2
UA,IAH,EWR,1.00,6
UA,EWR,SFO,1.00,11
UA,MIA,EWR,1.00,5
UA,EWR,DEN,1.00,7
UA,RSW,EWR,1.00,5
UA,EWR,FLL,0.00,5
UA,IAH,EWR,0.00,6
UA,IAH,EWR,1.00,6
UA,DEN,EWR,1.00,7
UA,EWR,IAH,0.00,6
UA,EWR,DFW,1.00,6
UA,EWR,IAD,1.00,1
UA,BOS,EWR,1.00,1
UA,EWR,LAX,1.00,10
UA,ORD,EWR,1.00,3
UA,BNA,EWR,1.00,3
UA,EWR,RSW,0.00,5
UA,IAD,EWR,0.00,1
UA,SFO,EWR,1.00,11
UA,EWR,DEN,0.00,7
UA,EWR,RDU,0.00,2
UA,MCO,EWR,1.00,4
UA,ORD,EWR,1.00,3
UA,EWR,BOS,1.00,1
UA,DFW,EWR,1.00,6
UA,LAX,EWR,0.00,10
UA,ORD,EWR,1.00,3
UA,IAD,EWR,1.00,1
UA,EWR,ORD,0.00,3
UA,EWR,SFO,0.00,11
UA,EWR,ORD,1.00,3
UA,EWR,LAX,0.00,10
UA,FLL,EWR,0.00,5
UA,EWR,ATL,0.00,3
UA,ORD,EWR,1.00,3
UA,EWR,BOS,1.00,1
UA,ORD,EWR,1.00,3
UA,DEN,EWR,0.00,7
UA,LAX,EWR,1.00,10
UA,EWR,IAD,0.00,1
UA,RDU,EWR,0.00,2
UA,EWR,ORD,1.00,3
UA,IAH,EWR,1.00,6
UA,EWR,MCO,0.00,4
UA,PBI,EWR,0.00,5
UA,EWR,CLE,1.00,2
UA,EWR,IAH,0.00,6
UA,EWR,PBI,0.00,5
UA,LAX,EWR,1.00,10
UA,EWR,MIA,1.00,5
UA,EWR,LAX,1.00,10
UA,EWR,ORD,0.00,3
UA,SFO,EWR,0.00,11
UA,EWR,TPA,0.00,4
UA,EWR,ORD,0.00,3
UA,DEN,EWR,0.00,7
UA,EWR,IAH,0.00,6
UA,TPA,EWR,0.00,4
UA,BOS,EWR,1.00,1
UA,EWR,DEN,0.00,7
UA,EWR,IAH,1.00,6
UA,CLE,EWR,1.00,2
UA,IAH,EWR,0.00,6
UA,EWR,SFO,1.00,11
UA,MIA,EWR,1.00,5
UA,EWR,DEN,1.00,7
UA,RSW,EWR,0.00,5
UA,EWR,FLL,0.00,5
UA,IAH,EWR,0.00,6
UA,IAH,EWR,1.00,6
UA,DEN,EWR,1.00,7
UA,EWR,IAH,1.00,6
UA,EWR,DFW,1.00,6
UA,EWR,IAD,0.00,1
UA,BOS,EWR,1.00,1
UA,EWR,LAX,1.00,10
UA,ORD,EWR,1.00,3
UA,BNA,EWR,1.00,3
UA,EWR,RSW,0.00,5
UA,IAD,EWR,1.00,1
UA,SFO,EWR,1.00,11
UA,EWR,DEN,0.00,7
UA,EWR,RDU,0.00,2
UA,MCO,EWR,0.00,4
UA,ORD,EWR,0.00,3
UA,EWR,BOS,1.00,1
UA,DFW,EWR,1.00,6
UA,LAX,EWR,0.00,10
UA,ORD,EWR,1.00,3
UA,SFO,EWR,1.00,11
UA,IAD,EWR,0.00,1
UA,EWR,ORD,0.00,3
UA,EWR,SFO,0.00,11
UA,EWR,ORD,1.00,3
UA,EWR,LAX,0.00,10
UA,EWR,DEN,0.00,7
UA,FLL,EWR,0.00,5
UA,EWR,ATL,1.00,3
UA,ORD,EWR,0.00,3
UA,EWR,BOS,0.00,1
UA,ORD,EWR,1.00,3
UA,DEN,EWR,0.00,7
UA,LAX,EWR,1.00,10
UA,EWR,IAD,0.00,1
UA,RDU,EWR,0.00,2
UA,EWR,ORD,1.00,3
UA,MCO,EWR,1.00,4
UA,IAH,EWR,0.00,6
UA,EWR,MCO,0.00,4
UA,PBI,EWR,0.00,5
UA,EWR,CLE,1.00,2
UA,EWR,IAH,0.00,6
UA,EWR,PBI,0.00,5
UA,LAX,EWR,1.00,10
UA,EWR,MIA,1.00,5
UA,EWR,LAX,1.00,10
UA,EWR,ORD,0.00,3
UA,SFO,EWR,0.00,11
UA,EWR,TPA,0.00,4
UA,AUS,EWR,1.00,7
UA,EWR,ORD,0.00,3
UA,DEN,EWR,0.00,7
UA,EWR,IAH,0.00,6
UA,TPA,EWR,0.00,4
UA,BOS,EWR,1.00,1
UA,EWR,DEN,1.00,7
UA,EWR,IAH,1.00,6
UA,CLE,EWR,1.00,2
UA,IAH,EWR,0.00,6
UA,SAN,EWR,1.00,10
UA,EWR,SFO,1.00,11
UA,MIA,EWR,1.00,5
UA,EWR,DEN,1.00,7
UA,RSW,EWR,0.00,5
UA,EWR,FLL,0.00,5
UA,IAH,EWR,0.00,6
UA,IAH,EWR,1.00,6
UA,DEN,EWR,1.00,7
UA,EWR,IAH,0.00,6
UA,EWR,DFW,1.00,6
UA,EWR,IAD,1.00,1
UA,BOS,EWR,0.00,1
UA,EWR,LAX,1.00,10
UA,ORD,EWR,1.00,3
UA,BNA,EWR,1.00,3
UA,EWR,RSW,0.00,5
UA,IAD,EWR,0.00,1
UA,SFO,EWR,1.00,11
UA,EWR,DEN,0.00,7
UA,LAX,EWR,0.00,10
UA,EWR,RDU,1.00,2
UA,BOS,EWR,1.00,1
UA,MCO,EWR,1.00,4
UA,ORD,EWR,0.00,3
UA,EWR,BOS,1.00,1
UA,DFW,EWR,0.00,6
UA,LAX,EWR,0.00,10
UA,ORD,EWR,1.00,3
UA,BOS,EWR,1.00,1
UA,IAD,EWR,0.00,1
UA,EWR,STT,1.00,7
UA,EWR,ORD,1.00,3
UA,EWR,SFO,0.00,11
UA,EWR,ORD,1.00,3
UA,EWR,LAX,0.00,10
UA,PBI,EWR,1.00,5
UA,FLL,EWR,1.00,5
UA,EWR,ATL,0.00,3
UA,ORD,EWR,1.00,3
UA,STT,EWR,1.00,7
UA,EWR,BOS,1.00,1
UA,ORD,EWR,1.00,3
UA,DEN,EWR,0.00,7
UA,LAX,EWR,1.00,10
UA,MIA,EWR,1.00,5
UA,EWR,IAD,0.00,1
UA,RDU,EWR,1.00,2
UA,EWR,ORD,1.00,3
UA,IAH,EWR,0.00,6
UA,EWR,MCO,1.00,4
UA,PBI,EWR,1.00,5
UA,EWR,CLE,1.00,2
UA,EWR,IAH,0.00,6
UA,EWR,PBI,1.00,5
UA,LAX,EWR,1.00,10
UA,EWR,MIA,1.00,5
UA,ATL,EWR,1.00,3
UA,EWR,LAX,1.00,10
UA,EWR,ORD,0.00,3
UA,SFO,EWR,0.00,11
UA,EWR,TPA,1.00,4
UA,EWR,ORD,0.00,3
UA,DEN,EWR,0.00,7
UA,EWR,IAH,0.00,6
UA,TPA,EWR,0.00,4
UA,BOS,EWR,0.00,1
UA,EWR,DEN,1.00,7
UA,EWR,IAH,1.00,6
UA,CLE,EWR,1.00,2
UA,IAH,EWR,0.00,6
UA,EWR,SFO,1.00,11
UA,AUS,EWR,1.00,7
UA,EWR,SFO,1.00,11
UA,MIA,EWR,1.00,5
UA,EWR,DEN,1.00,7
UA,RSW,EWR,0.00,5
UA,EWR,FLL,0.00,5
UA,IAH,EWR,1.00,6
UA,IAH,EWR,0.00,6
UA,DEN,EWR,1.00,7
UA,EWR,IAH,0.00,6
UA,EWR,DFW,1.00,6
UA,EWR,IAD,0.00,1
UA,BOS,EWR,0.00,1
UA,EWR,LAX,0.00,10
UA,ORD,EWR,0.00,3
UA,BNA,EWR,1.00,3
UA,EWR,RSW,1.00,5
UA,IAD,EWR,1.00,1
UA,EWR,PBI,1.00,5
UA,SFO,EWR,1.00,11
UA,SNA,EWR,1.00,10
UA,EWR,DEN,0.00,7
UA,LAX,EWR,1.00,10
UA,EWR,RDU,1.00,2
UA,BOS,EWR,1.00,1
UA,MCO,EWR,1.00,4
UA,LAX,EWR,1.00,10
UA,FLL,EWR,1.00,5
UA,EWR,FLL,1.00,5
UA,ORD,EWR,1.00,3
UA,EWR,BOS,1.00,1
UA,DFW,EWR,1.00,6
UA,DEN,EWR,0.00,7
UA,LAX,EWR,0.00,10
UA,EWR,LAS,1.00,9
UA,EWR,ATL,1.00,3
UA,LAS,EWR,1.00,9
UA,EWR,MIA,1.00,5
UA,ORD,EWR,1.00,3
UA,EWR,ORD,0.00,3
UA,BOS,EWR,1.00,1
UA,SFO,EWR,0.00,11
UA,SFO,EWR,1.00,11
UA,EWR,SJU,1.00,7
UA,IAD,EWR,0.00,1
UA,EWR,STT,1.00,7
UA,EWR,ORD,1.00,3
UA,EWR,MCO,1.00,4
UA,RDU,EWR,1.00,2
UA,EWR,MSY,1.00,5
UA,BNA,EWR,1.00,3
UA,EWR,SFO,0.00,11
UA,EWR,ORD,1.00,3
UA,EWR,SFO,1.00,11
UA,EWR,BOS,1.00,1
UA,EWR,SFO,0.00,11
UA,EWR,LAX,0.00,10
UA,DFW,EWR,1.00,6
UA,EWR,DEN,0.00,7
UA,PBI,EWR,1.00,5
UA,MCO,EWR,0.00,4
UA,FLL,EWR,1.00,5
UA,EWR,ATL,1.00,3
UA,ORD,EWR,0.00,3
UA,STT,EWR,1.00,7
UA,MSY,EWR,0.00,5
UA,EWR,BOS,1.00,1
UA,ORD,EWR,1.00,3
UA,DEN,EWR,1.00,7
UA,LAX,EWR,0.00,10
UA,MIA,EWR,1.00,5
UA,EWR,IAD,0.00,1
UA,RDU,EWR,0.00,2
UA,EWR,ORD,1.00,3
UA,LAS,EWR,1.00,9
UA,EWR,LAX,0.00,10
UA,BOS,EWR,1.00,1
UA,MCO,EWR,1.00,4
UA,ATL,EWR,1.00,3
UA,IAH,EWR,1.00,6
UA,EWR,MCO,0.00,4
UA,PBI,EWR,1.00,5
UA,EWR,FLL,0.00,5
UA,EWR,CLE,1.00,2
UA,EWR,IAH,1.00,6
UA,EWR,PBI,1.00,5
UA,EWR,ORD,1.00,3
UA,SJU,EWR,1.00,7
UA,LAX,EWR,1.00,10
UA,MCO,EWR,0.00,4
UA,EWR,MIA,1.00,5
UA,ATL,EWR,1.00,3
UA,EWR,LAX,1.00,10
UA,EWR,ORD,0.00,3
UA,SFO,EWR,0.00,11
UA,EWR,TPA,1.00,4
UA,EWR,IAH,1.00,6
UA,EWR,LAS,1.00,9
UA,AUS,EWR,1.00,7
UA,ORD,EWR,1.00,3
UA,ORD,EWR,1.00,3
UA,EWR,ORD,0.00,3
UA,DEN,EWR,0.00,7
UA,EWR,IAH,0.00,6
UA,TPA,EWR,1.00,4
UA,AUS,EWR,1.00,7
UA,BOS,EWR,1.00,1
UA,EWR,DEN,1.00,7
UA,EWR,AUS,1.00,7
UA,TPA,EWR,1.00,4
UA,EWR,IAH,1.00,6
UA,EWR,LAX,0.00,10
UA,CLE,EWR,1.00,2
UA,EWR,RSW,1.00,5
UA,EWR,DFW,1.00,6
UA,EWR,BOS,1.00,1
UA,IAH,EWR,1.00,6
UA,EWR,IAH,0.00,6
UA,EWR,SFO,1.00,11
UA,AUS,EWR,1.00,7
UA,SFO,EWR,1.00,11
UA,SAN,EWR,1.00,10
UA,CLE,EWR,1.00,2
UA,RSW,EWR,0.00,5
UA,BOS,EWR,1.00,1
UA,EWR,BNA,1.00,3
UA,EWR,MCO,0.00,4
UA,PHX,EWR,1.00,9
UA,EWR,SAN,1.00,10
UA,EWR,SFO,1.00,11
UA,LAX,EWR,1.00,10
UA,EWR,SNA,1.00,10
UA,IAH,EWR,1.00,6
UA,MIA,EWR,0.00,5
UA,EWR,DEN,1.00,7
UA,RSW,EWR,1.00,5
UA,EWR,RDU,1.00,2
UA,EWR,LAX,1.00,10
UA,EWR,TPA,1.00,4
UA,EWR,AUS,1.00,7
UA,EWR,FLL,1.00,5
UA,IAH,EWR,1.00,6
UA,IAH,EWR,1.00,6
UA,IAH,EWR,0.00,6
UA,DEN,EWR,1.00,7
UA,EWR,BOS,1.00,1
UA,EWR,PHX,1.00,9
UA,EWR,IAH,0.00,6
UA,EWR,MCO,0.00,4
UA,EWR,AUS,1.00,7
UA,EWR,DFW,1.00,6
UA,IAD,EWR,1.00,1
UA,FLL,EWR,0.00,5
UA,EWR,CLE,1.00,2
UA,EWR,IAD,1.00,1
UA,EWR,BOS,1.00,1
UA,BOS,EWR,1.00,1
UA,EWR,LAX,1.00,10
UA,IAH,EWR,0.00,6
UA,EWR,IAD,1.00,1
UA,EWR,ATL,1.00,3
UA,ORD,EWR,0.00,3
UA,EWR,IAH,1.00,6
UA,BNA,EWR,1.00,3
UA,EWR,RSW,1.00,5
UA,IAD,EWR,1.00,1
UA,EWR,PBI,1.00,5
UA,SFO,EWR,1.00,11
UA,SNA,EWR,1.00,10
UA,EWR,DEN,0.00,7
UA,LAX,EWR,0.00,10
UA,EWR,RDU,1.00,2
UA,BOS,EWR,1.00,1
UA,MCO,EWR,0.00,4
UA,LAX,EWR,1.00,10
UA,FLL,EWR,1.00,5
UA,EWR,FLL,1.00,5
UA,ORD,EWR,1.00,3
UA,EWR,BOS,1.00,1
UA,DFW,EWR,1.00,6
UA,DEN,EWR,1.00,7
UA,LAX,EWR,0.00,10
UA,EWR,LAS,1.00,9
UA,EWR,ATL,1.00,3
UA,LAS,EWR,1.00,9
UA,EWR,MIA,1.00,5
UA,ORD,EWR,1.00,3
UA,EWR,ORD,0.00,3
UA,BOS,EWR,1.00,1
UA,SFO,EWR,1.00,11
UA,SFO,EWR,1.00,11
UA,EWR,SJU,1.00,7
UA,IAD,EWR,1.00,1
UA,EWR,STT,1.00,7
UA,EWR,ORD,0.00,3
UA,EWR,MCO,1.00,4
UA,RDU,EWR,1.00,2
UA,EWR,MSY,1.00,5
UA,BNA,EWR,1.00,3
UA,EWR,SFO,0.00,11
UA,EWR,ORD,1.00,3
UA,EWR,SFO,0.00,11
UA,EWR,BOS,1.00,1
UA,EWR,SFO,1.00,11
UA,EWR,LAX,0.00,10
UA,DFW,EWR,1.00,6
UA,EWR,DEN,0.00,7
UA,PBI,EWR,0.00,5
UA,MCO,EWR,0.00,4
UA,FLL,EWR,1.00,5
UA,EWR,ATL,1.00,3
UA,ORD,EWR,0.00,3
UA,STT,EWR,1.00,7
UA,MSY,EWR,1.00,5
UA,EWR,BOS,1.00,1
UA,ORD,EWR,1.00,3
UA,DEN,EWR,1.00,7
UA,LAX,EWR,1.00,10
UA,MIA,EWR,0.00,5
UA,EWR,IAD,1.00,1
UA,RDU,EWR,1.00,2
UA,EWR,ORD,1.00,3
UA,LAS,EWR,1.00,9
UA,EWR,LAX,0.00,10
UA,BOS,EWR,1.00,1
UA,MCO,EWR,1.00,4
UA,ATL,EWR,1.00,3
UA,IAH,EWR,0.00,6
UA,EWR,MCO,1.00,4
UA,PBI,EWR,1.00,5
UA,EWR,FLL,0.00,5
UA,EWR,CLE,1.00,2
UA,EWR,IAH,1.00,6
UA,EWR,PBI,1.00,5
UA,EWR,ORD,1.00,3
UA,SJU,EWR,1.00,7
UA,LAX,EWR,1.00,10
UA,MCO,EWR,0.00,4
UA,EWR,MIA,1.00,5
UA,ATL,EWR,1.00,3
UA,EWR,LAX,1.00,10
UA,EWR,ORD,0.00,3
UA,SFO,EWR,0.00,11
UA,EWR,TPA,0.00,4
UA,EWR,IAH,0.00,6
UA,EWR,LAS,1.00,9
UA,AUS,EWR,1.00,7
UA,ORD,EWR,1.00,3
UA,ORD,EWR,1.00,3
UA,EWR,ORD,1.00,3
UA,DEN,EWR,0.00,7
UA,EWR,IAH,0.00,6
UA,TPA,EWR,1.00,4
UA,AUS,EWR,1.00,7
UA,BOS,EWR,1.00,1
UA,EWR,DEN,0.00,7
UA,EWR,AUS,1.00,7
UA,TPA,EWR,1.00,4
UA,EWR,IAH,1.00,6
UA,EWR,LAX,1.00,10
UA,CLE,EWR,1.00,2
UA,EWR,RSW,1.00,5
UA,EWR,DFW,1.00,6
UA,EWR,BOS,1.00,1
UA,IAH,EWR,0.00,6
UA,EWR,IAH,1.00,6
UA,EWR,SFO,1.00,11
UA,AUS,EWR,1.00,7
UA,SFO,EWR,1.00,11
UA,SAN,EWR,1.00,10
UA,CLE,EWR,1.00,2
UA,RSW,EWR,1.00,5
UA,BOS,EWR,1.00,1
UA,EWR,BNA,1.00,3
UA,EWR,MCO,0.00,4
UA,PHX,EWR,1.00,9
UA,EWR,SAN,1.00,10
UA,EWR,SFO,1.00,11
UA,LAX,EWR,1.00,10
UA,EWR,SNA,1.00,10
UA,IAH,EWR,1.00,6
UA,MIA,EWR,1.00,5
UA,EWR,DEN,1.00,7
UA,RSW,EWR,1.00,5
UA,EWR,RDU,1.00,2
UA,EWR,LAX,1.00,10
UA,EWR,TPA,1.00,4
UA,EWR,AUS,1.00,7
UA,EWR,FLL,1.00,5
UA,IAH,EWR,1.00,6
UA,IAH,EWR,0.00,6
UA,IAH,EWR,1.00,6
UA,DEN,EWR,1.00,7
UA,EWR,BOS,1.00,1
UA,EWR,PHX,1.00,9
UA,EWR,IAH,0.00,6
UA,EWR,MCO,0.00,4
UA,EWR,AUS,1.00,7
UA,EWR,DFW,1.00,6
UA,IAD,EWR,0.00,1
UA,FLL,EWR,0.00,5
UA,EWR,CLE,1.00,2
UA,EWR,IAD,1.00,1
UA,EWR,BOS,1.00,1
UA,BOS,EWR,1.00,1
UA,EWR,LAX,0.00,10
UA,IAH,EWR,1.00,6
UA,EWR,IAD,0.00,1
UA,EWR,ATL,1.00,3
UA,ORD,EWR,0.00,3
UA,EWR,IAH,1.00,6
UA,BNA,EWR,1.00,3
UA,EWR,RSW,1.00,5
UA,IAD,EWR,1.00,1
UA,EWR,PBI,0.00,5
UA,SFO,EWR,1.00,11
UA,SNA,EWR,1.00,10
UA,EWR,DEN,1.00,7
UA,LAX,EWR,1.00,10
UA,EWR,RDU,1.00,2
UA,BOS,EWR,1.00,1
UA,MCO,EWR,1.00,4
UA,LAX,EWR,1.00,10
UA,FLL,EWR,1.00,5
UA,EWR,FLL,1.00,5
UA,ORD,EWR,1.00,3
UA,EWR,BOS,1.00,1
UA,DFW,EWR,1.00,6
UA,DEN,EWR,0.00,7
UA,LAX,EWR,0.00,10
UA,EWR,LAS,1.00,9
UA,EWR,ATL,1.00,3
UA,LAS,EWR,1.00,9
UA,EWR,MIA,0.00,5
UA,ORD,EWR,1.00,3
UA,EWR,ORD,1.00,3
UA,BOS,EWR,1.00,1
UA,SFO,EWR,0.00,11
UA,SFO,EWR,1.00,11
UA,EWR,SJU,0.00,7
UA,IAD,EWR,0.00,1
UA,EWR,STT,1.00,7
UA,EWR,ORD,1.00,3
UA,EWR,MCO,0.00,4
UA,RDU,EWR,1.00,2
UA,EWR,MSY,1.00,5
UA,BNA,EWR,1.00,3
UA,EWR,SFO,0.00,11
UA,EWR,ORD,1.00,3
UA,EWR,SFO,1.00,11
UA,EWR,BOS,1.00,1
UA,EWR,SFO,1.00,11
UA,EWR,LAX,0.00,10
UA,DFW,EWR,1.00,6
UA,EWR,DEN,0.00,7
UA,PBI,EWR,0.00,5
UA,MCO,EWR,1.00,4
UA,FLL,EWR,0.00,5
UA,EWR,ATL,1.00,3
UA,ORD,EWR,0.00,3
UA,STT,EWR,1.00,7
UA,MSY,EWR,0.00,5
UA,EWR,BOS,1.00,1
UA,ORD,EWR,1.00,3
UA,DEN,EWR,0.00,7
UA,LAX,EWR,1.00,10
UA,MIA,EWR,1.00,5
UA,EWR,IAD,1.00,1
UA,RDU,EWR,1.00,2
UA,EWR,ORD,0.00,3
UA,LAS,EWR,1.00,9
UA,EWR,LAX,0.00,10
UA,BOS,EWR,1.00,1
UA,MCO,EWR,0.00,4
UA,ATL,EWR,1.00,3
UA,IAH,EWR,1.00,6
UA,EWR,MCO,0.00,4
UA,PBI,EWR,0.00,5
UA,EWR,FLL,0.00,5
UA,EWR,CLE,1.00,2
UA,EWR,IAH,1.00,6
UA,EWR,PBI,0.00,5
UA,EWR,ORD,1.00,3
UA,SJU,EWR,0.00,7
UA,LAX,EWR,1.00,10
UA,MCO,EWR,0.00,4
UA,EWR,MIA,1.00,5
UA,ATL,EWR,0.00,3
UA,EWR,LAX,1.00,10
UA,EWR,ORD,1.00,3
UA,SFO,EWR,0.00,11
UA,EWR,TPA,0.00,4
UA,EWR,IAH,1.00,6
UA,EWR,LAS,1.00,9
UA,AUS,EWR,0.00,7
UA,ORD,EWR,1.00,3
UA,ORD,EWR,1.00,3
UA,EWR,ORD,1.00,3
UA,DEN,EWR,1.00,7
UA,EWR,IAH,1.00,6
UA,TPA,EWR,1.00,4
UA,AUS,EWR,1.00,7
UA,BOS,EWR,0.00,1
UA,EWR,DEN,1.00,7
UA,EWR,AUS,1.00,7
UA,TPA,EWR,1.00,4
UA,EWR,IAH,1.00,6
UA,EWR,LAX,1.00,10
UA,CLE,EWR,1.00,2
UA,EWR,RSW,1.00,5
UA,EWR,DFW,1.00,6
UA,EWR,BOS,1.00,1
UA,IAH,EWR,0.00,6
UA,EWR,IAH,0.00,6
UA,EWR,SFO,1.00,11
UA,AUS,EWR,1.00,7
UA,SFO,EWR,1.00,11
UA,SAN,EWR,1.00,10
UA,CLE,EWR,1.00,2
UA,RSW,EWR,1.00,5
UA,BOS,EWR,1.00,1
UA,EWR,BNA,1.00,3
UA,EWR,MCO,0.00,4
UA,PHX,EWR,1.00,9
UA,EWR,SAN,1.00,10
UA,EWR,SFO,1.00,11
UA,LAX,EWR,0.00,10
UA,EWR,SNA,1.00,10
UA,IAH,EWR,1.00,6
UA,MIA,EWR,0.00,5
UA,EWR,DEN,0.00,7
UA,RSW,EWR,1.00,5
UA,EWR,RDU,1.00,2
UA,EWR,LAX,0.00,10
UA,EWR,TPA,1.00,4
UA,EWR,AUS,1.00,7
UA,EWR,FLL,0.00,5
UA,IAH,EWR,1.00,6
UA,IAH,EWR,0.00,6
UA,IAH,EWR,1.00,6
UA,DEN,EWR,1.00,7
UA,EWR,BOS,1.00,1
UA,EWR,PHX,1.00,9
UA,DFW,EWR,1.00,6
UA,EWR,IAH,0.00,6
UA,EWR,MCO,1.00,4
UA,EWR,AUS,1.00,7
UA,EWR,DFW,1.00,6
UA,IAD,EWR,1.00,1
UA,FLL,EWR,0.00,5
UA,EWR,IAD,1.00,1
UA,EWR,BOS,1.00,1
UA,BOS,EWR,1.00,1
UA,EWR,LAX,0.00,10
UA,IAH,EWR,0.00,6
UA,EWR,IAD,1.00,1
UA,EWR,ATL,0.00,3
UA,ORD,EWR,0.00,3
UA,EWR,IAH,0.00,6
UA,BNA,EWR,1.00,3
UA,EWR,RSW,1.00,5
UA,IAD,EWR,0.00,1
UA,EWR,PBI,0.00,5
UA,SFO,EWR,1.00,11
UA,SNA,EWR,1.00,10
UA,EWR,DEN,1.00,7
UA,LAX,EWR,1.00,10
UA,EWR,RDU,0.00,2
UA,BOS,EWR,1.00,1
UA,MCO,EWR,1.00,4
UA,LAX,EWR,1.00,10
UA,FLL,EWR,1.00,5
UA,EWR,FLL,1.00,5
UA,ORD,EWR,1.00,3
UA,EWR,BOS,1.00,1
UA,DEN,EWR,1.00,7
UA,EWR,LAS,0.00,9
UA,EWR,ATL,0.00,3
UA,LAS,EWR,0.00,9
UA,EWR,MIA,1.00,5
UA,ORD,EWR,1.00,3
UA,EWR,ORD,1.00,3
UA,BOS,EWR,1.00,1
UA,SFO,EWR,1.00,11
UA,SFO,EWR,1.00,11
UA,EWR,SJU,0.00,7
UA,IAD,EWR,1.00,1
UA,EWR,STT,0.00,7
UA,EWR,ORD,0.00,3
UA,EWR,MCO,1.00,4
UA,RDU,EWR,1.00,2
UA,EWR,MSY,1.00,5
UA,BNA,EWR,0.00,3
UA,EWR,SFO,0.00,11
UA,EWR,ORD,1.00,3
UA,EWR,SFO,1.00,11
UA,EWR,BOS,1.00,1
UA,EWR,SFO,1.00,11
UA,EWR,DEN,1.00,7
UA,PBI,EWR,1.00,5
UA,MCO,EWR,1.00,4
UA,FLL,EWR,0.00,5
UA,EWR,ATL,0.00,3
UA,ORD,EWR,1.00,3
UA,STT,EWR,0.00,7
UA,MSY,EWR,0.00,5
UA,EWR,BOS,0.00,1
UA,ORD,EWR,1.00,3
UA,DEN,EWR,1.00,7
UA,LAX,EWR,1.00,10
UA,MIA,EWR,1.00,5
UA,EWR,IAD,1.00,1
UA,RDU,EWR,0.00,2
UA,EWR,ORD,1.00,3
UA,LAS,EWR,1.00,9
UA,EWR,LAX,1.00,10
UA,BOS,EWR,1.00,1
UA,MCO,EWR,0.00,4
UA,ATL,EWR,1.00,3
UA,IAH,EWR,1.00,6
UA,EWR,MCO,1.00,4
UA,PBI,EWR,1.00,5
UA,EWR,FLL,1.00,5
UA,EWR,CLE,1.00,2
UA,EWR,IAH,1.00,6
UA,EWR,PBI,1.00,5
UA,EWR,ORD,1.00,3
UA,SJU,EWR,0.00,7
UA,LAX,EWR,1.00,10
UA,MCO,EWR,1.00,4
UA,EWR,MIA,1.00,5
UA,ATL,EWR,1.00,3
UA,EWR,LAX,1.00,10
UA,EWR,ORD,1.00,3
UA,SFO,EWR,0.00,11
UA,EWR,TPA,1.00,4
UA,EWR,IAH,1.00,6
UA,EWR,LAS,0.00,9
UA,AUS,EWR,1.00,7
UA,ORD,EWR,1.00,3
UA,ORD,EWR,1.00,3
UA,EWR,ORD,1.00,3
UA,DEN,EWR,1.00,7
UA,EWR,IAH,0.00,6
UA,TPA,EWR,1.00,4
UA,AUS,EWR,1.00,7
UA,BOS,EWR,1.00,1
UA,EWR,DEN,1.00,7
UA,EWR,AUS,1.00,7
UA,TPA,EWR,1.00,4
UA,EWR,IAH,1.00,6
UA,EWR,LAX,1.00,10
UA,CLE,EWR,1.00,2
UA,EWR,RSW,1.00,5
UA,EWR,BOS,1.00,1
UA,IAH,EWR,0.00,6
UA,EWR,IAH,1.00,6
UA,EWR,SFO,1.00,11
UA,AUS,EWR,1.00,7
UA,SFO,EWR,1.00,11
UA,SAN,EWR,1.00,10
UA,CLE,EWR,1.00,2
UA,RSW,EWR,1.00,5
UA,BOS,EWR,1.00,1
UA,EWR,BNA,1.00,3
UA,EWR,MCO,0.00,4
UA,PHX,EWR,1.00,9
UA,EWR,SAN,1.00,10
UA,EWR,SFO,1.00,11
UA,LAX,EWR,1.00,10
UA,EWR,SNA,1.00,10
UA,IAH,EWR,1.00,6
UA,MIA,EWR,0.00,5
UA,EWR,DEN,0.00,7
UA,RSW,EWR,1.00,5
UA,EWR,RDU,1.00,2
UA,EWR,LAX,1.00,10
UA,EWR,TPA,1.00,4
UA,EWR,AUS,1.00,7
UA,EWR,FLL,0.00,5
UA,IAH,EWR,1.00,6
UA,IAH,EWR,1.00,6
UA,IAH,EWR,1.00,6
UA,DEN,EWR,1.00,7
UA,EWR,BOS,1.00,1
UA,EWR,PHX,1.00,9
UA,EWR,IAH,0.00,6
UA,EWR,MCO,1.00,4
UA,EWR,AUS,1.00,7
UA,EWR,DFW,1.00,6
UA,IAD,EWR,1.00,1
UA,FLL,EWR,1.00,5
UA,EWR,CLE,1.00,2
UA,EWR,IAD,0.00,1
UA,EWR,BOS,1.00,1
UA,BOS,EWR,1.00,1
UA,EWR,LAX,1.00,10
UA,IAH,EWR,0.00,6
UA,EWR,IAD,1.00,1
UA,EWR,ATL,1.00,3
UA,ORD,EWR,1.00,3
UA,EWR,IAH,1.00,6
UA,BNA,EWR,1.00,3
UA,EWR,RSW,1.00,5
UA,IAD,EWR,0.00,1
UA,EWR,PBI,1.00,5
UA,SFO,EWR,1.00,11
UA,SNA,EWR,1.00,10
UA,EWR,DEN,1.00,7
UA,LAX,EWR,1.00,10
UA,EWR,RDU,0.00,2
UA,BOS,EWR,1.00,1
UA,MCO,EWR,0.00,4
UA,LAX,EWR,1.00,10
UA,FLL,EWR,1.00,5
UA,EWR,FLL,1.00,5
UA,ORD,EWR,1.00,3
UA,EWR,BOS,1.00,1
UA,DFW,EWR,0.00,6
UA,DEN,EWR,0.00,7
UA,LAX,EWR,0.00,10
UA,EWR,LAS,1.00,9
UA,EWR,ATL,1.00,3
UA,LAS,EWR,1.00,9
UA,EWR,MIA,1.00,5
UA,ORD,EWR,1.00,3
UA,EWR,ORD,0.00,3
UA,BOS,EWR,1.00,1
UA,SFO,EWR,1.00,11
UA,SFO,EWR,1.00,11
UA,EWR,SJU,0.00,7
UA,IAD,EWR,1.00,1
UA,EWR,STT,0.00,7
UA,EWR,ORD,1.00,3
UA,EWR,MCO,1.00,4
UA,RDU,EWR,1.00,2
UA,EWR,MSY,0.00,5
UA,BNA,EWR,1.00,3
UA,EWR,SFO,0.00,11
UA,EWR,ORD,1.00,3
UA,EWR,SFO,1.00,11
UA,EWR,BOS,1.00,1
UA,EWR,SFO,1.00,11
UA,EWR,LAX,0.00,10
UA,DFW,EWR,1.00,6
UA,EWR,DEN,0.00,7
UA,PBI,EWR,1.00,5
UA,MCO,EWR,1.00,4
UA,FLL,EWR,1.00,5
UA,EWR,ATL,0.00,3
UA,ORD,EWR,1.00,3
UA,STT,EWR,0.00,7
UA,MSY,EWR,1.00,5
UA,EWR,BOS,1.00,1
UA,ORD,EWR,1.00,3
UA,DEN,EWR,1.00,7
UA,LAX,EWR,1.00,10
UA,MIA,EWR,1.00,5
UA,EWR,IAD,1.00,1
UA,RDU,EWR,1.00,2
UA,EWR,ORD,1.00,3
UA,LAS,EWR,1.00,9
UA,EWR,LAX,1.00,10
UA,BOS,EWR,1.00,1
UA,MCO,EWR,1.00,4
UA,ATL,EWR,1.00,3
UA,IAH,EWR,1.00,6
UA,EWR,MCO,1.00,4
UA,PBI,EWR,1.00,5
UA,EWR,FLL,1.00,5
UA,EWR,CLE,1.00,2
UA,EWR,IAH,0.00,6
UA,EWR,PBI,1.00,5
UA,EWR,ORD,1.00,3
UA,SJU,EWR,0.00,7
UA,LAX,EWR,0.00,10
UA,MCO,EWR,1.00,4
UA,EWR,MIA,1.00,5
UA,ATL,EWR,1.00,3
UA,EWR,LAX,1.00,10
UA,EWR,ORD,1.00,3
UA,SFO,EWR,0.00,11
UA,EWR,TPA,1.00,4
UA,EWR,IAH,0.00,6
UA,EWR,LAS,1.00,9
UA,AUS,EWR,1.00,7
UA,ORD,EWR,1.00,3
UA,ORD,EWR,0.00,3
UA,EWR,ORD,1.00,3
UA,DEN,EWR,1.00,7
UA,EWR,IAH,1.00,6
UA,TPA,EWR,1.00,4
UA,AUS,EWR,1.00,7
UA,BOS,EWR,1.00,1
UA,EWR,DEN,1.00,7
UA,EWR,AUS,1.00,7
UA,TPA,EWR,1.00,4
UA,EWR,IAH,1.00,6
UA,EWR,LAX,1.00,10
UA,CLE,EWR,0.00,2
UA,EWR,RSW,1.00,5
UA,EWR,DFW,0.00,6
UA,EWR,BOS,1.00,1
UA,IAH,EWR,0.00,6
UA,EWR,IAH,0.00,6
UA,EWR,SFO,1.00,11
UA,AUS,EWR,0.00,7
UA,SFO,EWR,1.00,11
UA,SAN,EWR,1.00,10
UA,CLE,EWR,1.00,2
UA,RSW,EWR,1.00,5
UA,BOS,EWR,1.00,1
UA,EWR,BNA,1.00,3
UA,EWR,MCO,1.00,4
UA,PHX,EWR,1.00,9
UA,EWR,SAN,1.00,10
UA,EWR,SFO,1.00,11
UA,LAX,EWR,1.00,10
UA,EWR,SNA,1.00,10
UA,IAH,EWR,1.00,6
UA,MIA,EWR,1.00,5
UA,EWR,DEN,1.00,7
UA,RSW,EWR,1.00,5
UA,EWR,RDU,1.00,2
UA,EWR,LAX,1.00,10
UA,EWR,TPA,1.00,4
UA,EWR,AUS,1.00,7
UA,EWR,FLL,0.00,5
UA,IAH,EWR,1.00,6
UA,IAH,EWR,1.00,6
UA,IAH,EWR,1.00,6
UA,DEN,EWR,1.00,7
UA,EWR,BOS,1.00,1
UA,EWR,PHX,1.00,9
UA,EWR,IAH,0.00,6
UA,EWR,MCO,1.00,4
UA,EWR,AUS,1.00,7
UA,EWR,DFW,1.00,6
UA,IAD,EWR,0.00,1
UA,FLL,EWR,1.00,5
UA,EWR,CLE,1.00,2
UA,EWR,IAD,0.00,1
UA,EWR,BOS,1.00,1
UA,BOS,EWR,1.00,1
UA,EWR,LAX,1.00,10
UA,IAH,EWR,1.00,6
UA,EWR,IAD,1.00,1
UA,EWR,ATL,1.00,3
UA,ORD,EWR,0.00,3
UA,EWR,IAH,1.00,6
UA,BNA,EWR,1.00,3
UA,EWR,RSW,1.00,5
UA,IAD,EWR,0.00,1
UA,EWR,PBI,1.00,5
UA,SFO,EWR,1.00,11
UA,SNA,EWR,1.00,10
UA,EWR,DEN,1.00,7
UA,LAX,EWR,1.00,10
UA,EWR,RDU,0.00,2
UA,BOS,EWR,1.00,1
UA,MCO,EWR,0.00,4
UA,LAX,EWR,1.00,10
UA,FLL,EWR,1.00,5
UA,EWR,FLL,1.00,5
UA,ORD,EWR,1.00,3
UA,EWR,BOS,1.00,1
UA,DFW,EWR,1.00,6
UA,DEN,EWR,1.00,7
UA,LAX,EWR,0.00,10
UA,EWR,LAS,0.00,9
UA,EWR,ATL,1.00,3
UA,LAS,EWR,0.00,9
UA,EWR,MIA,1.00,5
UA,ORD,EWR,1.00,3
UA,EWR,ORD,1.00,3
UA,BOS,EWR,1.00,1
UA,SFO,EWR,1.00,11
UA,SFO,EWR,1.00,11
UA,EWR,SJU,0.00,7
UA,IAD,EWR,1.00,1
UA,EWR,STT,0.00,7
UA,EWR,ORD,1.00,3
UA,EWR,MCO,1.00,4
UA,RDU,EWR,1.00,2
UA,EWR,MSY,1.00,5
UA,BNA,EWR,0.00,3
UA,EWR,SFO,0.00,11
UA,EWR,ORD,1.00,3
UA,EWR,SFO,1.00,11
UA,EWR,BOS,1.00,1
UA,EWR,SFO,1.00,11
UA,EWR,LAX,0.00,10
UA,DFW,EWR,0.00,6
UA,EWR,DEN,1.00,7
UA,PBI,EWR,1.00,5
UA,MCO,EWR,1.00,4
UA,FLL,EWR,1.00,5
UA,EWR,ATL,0.00,3
UA,ORD,EWR,1.00,3
UA,STT,EWR,0.00,7
UA,MSY,EWR,1.00,5
UA,EWR,BOS,1.00,1
UA,ORD,EWR,1.00,3
UA,DEN,EWR,0.00,7
UA,LAX,EWR,1.00,10
UA,MIA,EWR,1.00,5
UA,EWR,IAD,1.00,1
UA,RDU,EWR,1.00,2
UA,EWR,ORD,1.00,3
UA,LAS,EWR,1.00,9
UA,EWR,LAX,1.00,10
UA,BOS,EWR,1.00,1
UA,MCO,EWR,1.00,4
UA,ATL,EWR,1.00,3
UA,MIA,EWR,1.00,5
UA,IAH,EWR,0.00,6
UA,EWR,MCO,1.00,4
UA,PBI,EWR,1.00,5
UA,EWR,FLL,1.00,5
UA,EWR,CLE,0.00,2
UA,EWR,IAH,1.00,6
UA,EWR,PBI,1.00,5
UA,EWR,ORD,1.00,3
UA,SJU,EWR,0.00,7
UA,LAX,EWR,1.00,10
UA,MCO,EWR,1.00,4
UA,EWR,MIA,1.00,5
UA,ATL,EWR,1.00,3
UA,EWR,LAX,1.00,10
UA,EWR,ORD,1.00,3
UA,SFO,EWR,0.00,11
UA,EWR,TPA,1.00,4
UA,EWR,IAH,1.00,6
UA,EWR,LAS,1.00,9
UA,AUS,EWR,1.00,7
UA,ORD,EWR,0.00,3
UA,ORD,EWR,1.00,3
UA,EWR,ORD,0.00,3
UA,DEN,EWR,1.00,7
UA,EWR,IAH,1.00,6
UA,TPA,EWR,1.00,4
UA,AUS,EWR,1.00,7
UA,BOS,EWR,1.00,1
UA,EWR,DEN,1.00,7
UA,EWR,AUS,1.00,7
UA,TPA,EWR,1.00,4
UA,EWR,IAH,1.00,6
UA,EWR,LAX,1.00,10
UA,CLE,EWR,1.00,2
UA,EWR,RSW,1.00,5
UA,EWR,DFW,1.00,6
UA,EWR,BOS,1.00,1
UA,IAH,EWR,0.00,6
UA,EWR,IAH,0.00,6
UA,EWR,SFO,1.00,11
UA,AUS,EWR,1.00,7
UA,SFO,EWR,1.00,11
UA,SAN,EWR,1.00,10
UA,CLE,EWR,1.00,2
UA,RSW,EWR,1.00,5
UA,BOS,EWR,1.00,1
UA,EWR,BNA,1.00,3
UA,EWR,MCO,1.00,4
UA,PHX,EWR,1.00,9
UA,EWR,SAN,0.00,10
UA,EWR,SFO,1.00,11
UA,LAX,EWR,1.00,10
UA,EWR,SNA,1.00,10
UA,IAH,EWR,1.00,6
UA,MIA,EWR,1.00,5
UA,EWR,DEN,1.00,7
UA,RSW,EWR,1.00,5
UA,EWR,RDU,1.00,2
UA,EWR,LAX,1.00,10
UA,EWR,TPA,1.00,4
UA,EWR,AUS,0.00,7
UA,EWR,FLL,1.00,5
UA,IAH,EWR,1.00,6
UA,IAH,EWR,1.00,6
UA,IAH,EWR,1.00,6
UA,DEN,EWR,1.00,7
UA,EWR,BOS,1.00,1
UA,EWR,PHX,1.00,9
UA,EWR,IAH,0.00,6
UA,EWR,MCO,1.00,4
UA,EWR,AUS,1.00,7
UA,EWR,DFW,1.00,6
UA,IAD,EWR,0.00,1
UA,FLL,EWR,1.00,5
UA,EWR,CLE,1.00,2
UA,EWR,IAD,1.00,1
UA,EWR,BOS,1.00,1
UA,BOS,EWR,1.00,1
UA,EWR,LAX,1.00,10
UA,IAH,EWR,0.00,6
UA,EWR,IAD,0.00,1
UA,EWR,ATL,1.00,3
UA,ORD,EWR,1.00,3
UA,EWR,IAH,1.00,6
UA,BNA,EWR,1.00,3
UA,EWR,RSW,1.00,5
UA,IAD,EWR,1.00,1
UA,EWR,PBI,1.00,5
UA,SFO,EWR,1.00,11
UA,SNA,EWR,1.00,10
UA,EWR,DEN,1.00,7
UA,LAX,EWR,1.00,10
UA,EWR,RDU,1.00,2
UA,BOS,EWR,0.00,1
UA,MCO,EWR,1.00,4
UA,LAX,EWR,1.00,10
UA,FLL,EWR,1.00,5
UA,EWR,FLL,1.00,5
UA,ORD,EWR,1.00,3
UA,EWR,BOS,1.00,1
UA,DFW,EWR,1.00,6
UA,DEN,EWR,1.00,7
UA,LAX,EWR,0.00,10
UA,EWR,LAS,1.00,9
UA,EWR,ATL,1.00,3
UA,LAS,EWR,1.00,9
UA,LAS,EWR,0.00,9
UA,EWR,MIA,0.00,5
UA,ORD,EWR,1.00,3
UA,EWR,ORD,0.00,3
UA,BOS,EWR,1.00,1
UA,SFO,EWR,1.00,11
UA,SFO,EWR,1.00,11
UA,EWR,SJU,0.00,7
UA,IAD,EWR,1.00,1
UA,JAX,EWR,1.00,4
UA,EWR,STT,0.00,7
UA,EWR,ORD,0.00,3
UA,EWR,MCO,1.00,4
UA,RDU,EWR,1.00,2
UA,EWR,MSY,1.00,5
UA,BNA,EWR,1.00,3
UA,EWR,SFO,0.00,11
UA,EWR,ORD,1.00,3
UA,EWR,SFO,0.00,11
UA,EWR,BOS,1.00,1
UA,EWR,SFO,1.00,11
UA,EWR,LAX,0.00,10
UA,DFW,EWR,1.00,6
UA,EWR,DEN,1.00,7
UA,PBI,EWR,1.00,5
UA,MCO,EWR,0.00,4
UA,FLL,EWR,0.00,5
UA,EWR,ATL,0.00,3
UA,ORD,EWR,0.00,3
UA,STT,EWR,0.00,7
UA,MSY,EWR,0.00,5
UA,EWR,BOS,0.00,1
UA,ORD,EWR,1.00,3
UA,DEN,EWR,0.00,7
UA,LAX,EWR,1.00,10
UA,MIA,EWR,0.00,5
UA,EWR,IAD,1.00,1
UA,RDU,EWR,0.00,2
UA,EWR,ORD,1.00,3
UA,LAS,EWR,1.00,9
UA,EWR,LAX,1.00,10
UA,BOS,EWR,1.00,1
UA,MCO,EWR,1.00,4
UA,ATL,EWR,1.00,3
UA,IAH,EWR,1.00,6
UA,EWR,MCO,1.00,4
UA,PBI,EWR,1.00,5
UA,EWR,FLL,1.00,5
UA,EWR,CLE,1.00,2
UA,EWR,IAH,1.00,6
UA,EWR,PBI,1.00,5
UA,EWR,ORD,1.00,3
UA,SJU,EWR,0.00,7
UA,LAX,EWR,1.00,10
UA,MCO,EWR,1.00,4
UA,EWR,MIA,1.00,5
UA,ATL,EWR,1.00,3
UA,EWR,LAX,1.00,10
UA,EWR,ORD,1.00,3
UA,SFO,EWR,0.00,11
UA,EWR,TPA,1.00,4
UA,EWR,IAH,0.00,6
UA,EWR,LAS,1.00,9
UA,AUS,EWR,1.00,7
UA,ORD,EWR,1.00,3
UA,ORD,EWR,1.00,3
UA,EWR,ORD,1.00,3
UA,DEN,EWR,1.00,7
UA,EWR,IAH,1.00,6
UA,AUS,EWR,1.00,7
UA,BOS,EWR,1.00,1
UA,EWR,DEN,1.00,7
UA,EWR,AUS,1.00,7
UA,TPA,EWR,1.00,4
UA,EWR,IAH,1.00,6
UA,EWR,LAX,1.00,10
UA,CLE,EWR,1.00,2
UA,EWR,RSW,1.00,5
UA,EWR,DFW,1.00,6
UA,EWR,BOS,1.00,1
UA,IAH,EWR,0.00,6
UA,EWR,IAH,0.00,6
UA,EWR,SFO,1.00,11
UA,AUS,EWR,0.00,7
UA,SFO,EWR,1.00,11
UA,SAN,EWR,1.00,10
UA,CLE,EWR,1.00,2
UA,RSW,EWR,1.00,5
UA,ROC,EWR,0.00,1
UA,EWR,MCO,1.00,4
UA,PHX,EWR,1.00,9
UA,EWR,SAN,1.00,10
UA,EWR,SFO,1.00,11
UA,LAX,EWR,1.00,10
UA,EWR,SNA,1.00,10
UA,IAH,EWR,1.00,6
UA,MIA,EWR,0.00,5
UA,EWR,DEN,0.00,7
UA,RSW,EWR,1.00,5
UA,EWR,RDU,1.00,2
UA,EWR,LAX,1.00,10
UA,EWR,TPA,1.00,4
UA,EWR,AUS,1.00,7
UA,EWR,FLL,1.00,5
UA,IAH,EWR,1.00,6
UA,IAH,EWR,1.00,6
UA,IAH,EWR,1.00,6
UA,DEN,EWR,1.00,7
UA,EWR,BOS,1.00,1
UA,EWR,PHX,1.00,9
UA,TPA,EWR,1.00,4
UA,DFW,EWR,1.00,6
UA,EWR,IAH,0.00,6
UA,EWR,MCO,1.00,4
UA,EWR,AUS,1.00,7
UA,EWR,DFW,1.00,6
UA,IAD,EWR,0.00,1
UA,FLL,EWR,1.00,5
UA,EWR,CLE,1.00,2
UA,EWR,IAD,1.00,1
UA,BOS,EWR,1.00,1
UA,EWR,LAX,1.00,10
UA,IAH,EWR,0.00,6
UA,EWR,IAD,0.00,1
UA,EWR,ATL,1.00,3
UA,ORD,EWR,1.00,3
UA,EWR,IAH,1.00,6
UA,BNA,EWR,1.00,3
UA,CHS,EWR,1.00,3
YX,EWR,SRQ,1.00,5
YX,EWR,SDF,1.00,3
YX,ATL,EWR,1.00,3
YX,EWR,CLT,1.00,3
YX,SDF,EWR,1.00,3
YX,STL,EWR,1.00,4
YX,CVG,EWR,1.00,3
YX,PIT,EWR,1.00,2
YX,PWM,EWR,1.00,2
YX,EYW,EWR,1.00,5
YX,EWR,MEM,1.00,4
YX,EWR,DTW,1.00,2
YX,MYR,EWR,1.00,3
YX,EWR,EYW,1.00,5
YX,ROC,EWR,1.00,1
YX,SRQ,EWR,1.00,5
YX,EWR,SAV,1.00,3
YX,EWR,PWM,1.00,2
YX,EWR,MYR,1.00,3
YX,EWR,RIC,1.00,2
YX,EWR,DCA,1.00,1
YX,EWR,PIT,1.00,2
YX,EWR,CMH,1.00,2
YX,DTW,EWR,1.00,2
YX,DCA,EWR,1.00,1
YX,EWR,STL,1.00,4
YX,CMH,EWR,1.00,2
YX,CLT,EWR,1.00,3
YX,EWR,SRQ,1.00,5
YX,EWR,SDF,1.00,3
YX,ATL,EWR,1.00,3
YX,EWR,CLT,1.00,3
YX,SDF,EWR,1.00,3
YX,STL,EWR,1.00,4
YX,CVG,EWR,1.00,3
YX,PIT,EWR,1.00,2
YX,PWM,EWR,1.00,2
YX,EYW,EWR,1.00,5
YX,EWR,MEM,1.00,4
YX,EWR,DTW,1.00,2
YX,MYR,EWR,1.00,3
YX,EWR,EYW,1.00,5
YX,ROC,EWR,1.00,1
YX,SRQ,EWR,1.00,5
YX,EWR,SAV,1.00,3
YX,EWR,PWM,1.00,2
YX,EWR,MYR,1.00,3
YX,EWR,RIC,1.00,2
YX,EWR,DCA,1.00,1
YX,EWR,PIT,1.00,2
YX,EWR,CMH,1.00,2
YX,DTW,EWR,1.00,2
YX,DCA,EWR,1.00,1
YX,EWR,STL,1.00,4
YX,CMH,EWR,1.00,2
YX,CLT,EWR,1.00,3
YX,EWR,SRQ,1.00,5
YX,EWR,SDF,1.00,3
YX,ATL,EWR,1.00,3
YX,EWR,CLT,1.00,3
YX,SDF,EWR,1.00,3
YX,STL,EWR,1.00,4
YX,CVG,EWR,1.00,3
YX,PIT,EWR,1.00,2
YX,PWM,EWR,1.00,2
YX,EYW,EWR,1.00,5
YX,EWR,MEM,1.00,4
YX,EWR,DTW,1.00,2
YX,MYR,EWR,1.00,3
YX,EWR,EYW,1.00,5
YX,ROC,EWR,1.00,1
YX,SRQ,EWR,1.00,5
YX,EWR,SAV,1.00,3
YX,EWR,PWM,1.00,2
YX,EWR,MYR,1.00,3
YX,EWR,RIC,1.00,2
YX,EWR,DCA,1.00,1
YX,EWR,PIT,1.00,2
YX,EWR,CMH,1.00,2
YX,DTW,EWR,1.00,2
YX,DCA,EWR,1.00,1
YX,EWR,STL,1.00,4
YX,CMH,EWR,1.00,2
YX,CLT,EWR,1.00,3
YX,EWR,SRQ,1.00,5
YX,EWR,SDF,1.00,3
YX,ATL,EWR,1.00,3
YX,EWR,CLT,1.00,3
YX,SDF,EWR,1.00,3
YX,STL,EWR,1.00,4
YX,CVG,EWR,1.00,3
YX,PIT,EWR,1.00,2
YX,PWM,EWR,1.00,2
YX,EYW,EWR,1.00,5
YX,EWR,MEM,1.00,4
YX,EWR,DTW,1.00,2
YX,MYR,EWR,1.00,3
YX,EWR,EYW,1.00,5
YX,ROC,EWR,1.00,1
YX,SRQ,EWR,1.00,5
YX,EWR,SAV,1.00,3
YX,EWR,PWM,1.00,2
YX,EWR,MYR,1.00,3
YX,EWR,RIC,1.00,2
YX,EWR,DCA,1.00,1
YX,EWR,PIT,1.00,2
YX,EWR,CMH,1.00,2
YX,DTW,EWR,1.00,2
YX,DCA,EWR,1.00,1
YX,EWR,STL,1.00,4
YX,CMH,EWR,1.00,2
YX,CLT,EWR,1.00,3
YX,EWR,SRQ,1.00,5
YX,EWR,SDF,1.00,3
YX,ATL,EWR,1.00,3
YX,EWR,CLT,1.00,3
YX,SDF,EWR,1.00,3
YX,STL,EWR,1.00,4
YX,CVG,EWR,1.00,3
YX,PIT,EWR,1.00,2
YX,PWM,EWR,1.00,2
YX,EYW,EWR,1.00,5
YX,EWR,MEM,1.00,4
YX,EWR,DTW,1.00,2
YX,MYR,EWR,1.00,3
YX,EWR,EYW,1.00,5
YX,ROC,EWR,1.00,1
YX,SRQ,EWR,1.00,5
YX,EWR,SAV,1.00,3
YX,EWR,PWM,1.00,2
YX,EWR,MYR,1.00,3
YX,EWR,RIC,1.00,2
YX,EWR,DCA,1.00,1
YX,EWR,PIT,1.00,2
YX,EWR,CMH,1.00,2
YX,DTW,EWR,1.00,2
YX,DCA,EWR,1.00,1
YX,EWR,STL,1.00,4
YX,CMH,EWR,1.00,2
YX,CLT,EWR,1.00,3
YX,EWR,SRQ,1.00,5
YX,EWR,SDF,1.00,3
YX,ATL,EWR,1.00,3
YX,EWR,CLT,1.00,3
YX,SDF,EWR,1.00,3
YX,STL,EWR,1.00,4
YX,CVG,EWR,1.00,3
YX,PIT,EWR,1.00,2
YX,PWM,EWR,1.00,2
YX,EYW,EWR,1.00,5
YX,EWR,MEM,1.00,4
YX,EWR,DTW,1.00,2
YX,MYR,EWR,1.00,3
YX,EWR,EYW,1.00,5
YX,ROC,EWR,1.00,1
YX,SRQ,EWR,1.00,5
YX,EWR,SAV,1.00,3
YX,EWR,PWM,1.00,2
YX,EWR,MYR,1.00,3
YX,EWR,RIC,1.00,2
YX,EWR,DCA,1.00,1
YX,EWR,PIT,1.00,2
YX,EWR,CMH,1.00,2
YX,DTW,EWR,1.00,2
YX,DCA,EWR,1.00,1
YX,EWR,STL,1.00,4
YX,CMH,EWR,1.00,2
YX,CLT,EWR,1.00,3
YX,EWR,SRQ,1.00,5
YX,EWR,SDF,1.00,3
YX,ATL,EWR,1.00,3
YX,EWR,CLT,1.00,3
YX,SDF,EWR,1.00,3
YX,STL,EWR,1.00,4
YX,CVG,EWR,1.00,3
YX,PIT,EWR,1.00,2
YX,PWM,EWR,1.00,2
YX,EYW,EWR,1.00,5
YX,EWR,MEM,1.00,4
YX,EWR,DTW,1.00,2
YX,MYR,EWR,1.00,3
YX,EWR,EYW,1.00,5
YX,ROC,EWR,1.00,1
YX,SRQ,EWR,1.00,5
YX,EWR,SAV,1.00,3
YX,EWR,PWM,1.00,2
YX,EWR,MYR,1.00,3
YX,EWR,RIC,1.00,2
YX,EWR,DCA,1.00,1
YX,EWR,PIT,1.00,2
YX,EWR,CMH,1.00,2
YX,DTW,EWR,1.00,2
YX,DCA,EWR,1.00,1
YX,EWR,STL,1.00,4
YX,CMH,EWR,1.00,2
YX,CLT,EWR,1.00,3
YX,EWR,SRQ,1.00,5
YX,EWR,SDF,1.00,3
YX,ATL,EWR,1.00,3
YX,EWR,CLT,1.00,3
YX,SDF,EWR,1.00,3
YX,PIT,EWR,1.00,2
YX,STL,EWR,1.00,4
YX,CVG,EWR,1.00,3
YX,IND,EWR,1.00,3
YX,PIT,EWR,1.00,2
YX,PWM,EWR,1.00,2
YX,EYW,EWR,1.00,5
YX,EWR,MEM,1.00,4
YX,EWR,DTW,1.00,2
YX,MYR,EWR,1.00,3
YX,EWR,EYW,1.00,5
YX,ROC,EWR,1.00,1
YX,SRQ,EWR,1.00,5
YX,CLT,EWR,1.00,3
YX,JAX,EWR,1.00,4
YX,EWR,SAV,1.00,3
YX,EWR,PWM,1.00,2
YX,EWR,MYR,1.00,3
YX,EWR,RIC,1.00,2
YX,EWR,DCA,1.00,1
YX,EWR,PIT,1.00,2
YX,EWR,CMH,1.00,2
YX,DTW,EWR,1.00,2
YX,DCA,EWR,1.00,1
YX,EWR,STL,1.00,4
YX,CMH,EWR,1.00,2
YX,CLT,EWR,1.00,3
YX,EWR,SRQ,1.00,5
YX,EWR,DTW,1.00,2
YX,EWR,MCI,1.00,5
YX,EWR,SDF,1.00,3
YX,ATL,EWR,1.00,3
YX,EWR,SAT,1.00,7
YX,MSP,EWR,1.00,5
YX,EWR,PIT,1.00,2
YX,PIT,EWR,1.00,2
YX,EWR,CLT,1.00,3
YX,SDF,EWR,1.00,3
YX,PIT,EWR,1.00,2
YX,STL,EWR,1.00,4
YX,EWR,CLT,1.00,3
YX,MSP,EWR,1.00,5
YX,CVG,EWR,1.00,3
YX,IND,EWR,1.00,3
YX,SAV,EWR,1.00,3
YX,PIT,EWR,1.00,2
YX,PWM,EWR,1.00,2
YX,EWR,PIT,1.00,2
YX,ORF,EWR,1.00,2
YX,EYW,EWR,1.00,5
YX,EWR,MEM,1.00,4
YX,EWR,CLE,1.00,2
YX,EWR,DTW,1.00,2
YX,MCI,EWR,1.00,5
YX,MYR,EWR,1.00,3
YX,MEM,EWR,1.00,4
YX,EWR,EYW,1.00,5
YX,ROC,EWR,1.00,1
YX,DTW,EWR,1.00,2
YX,SRQ,EWR,1.00,5
YX,CLT,EWR,1.00,3
YX,EWR,JAX,1.00,4
YX,JAX,EWR,1.00,4
YX,EWR,MSP,1.00,5
YX,EWR,IND,1.00,3
YX,EWR,SAV,1.00,3
YX,EWR,PWM,1.00,2
YX,EWR,MYR,1.00,3
YX,EWR,SAV,1.00,3
YX,EWR,RIC,1.00,2
YX,EWR,ORF,1.00,2
YX,EWR,DCA,1.00,1
YX,EWR,CLT,1.00,3
YX,EWR,PIT,1.00,2
YX,EWR,CMH,1.00,2
YX,EWR,MEM,1.00,4
YX,DTW,EWR,1.00,2
YX,EWR,RDU,1.00,2
YX,DCA,EWR,1.00,1
YX,EWR,STL,1.00,4
YX,RDU,EWR,1.00,2
YX,CMH,EWR,1.00,2
YX,CLT,EWR,1.00,3
YX,CLT,EWR,1.00,3
YX,EWR,MSP,1.00,5
YX,SAT,EWR,1.00,7
YX,CLE,EWR,1.00,2
YX,EWR,SRQ,1.00,5
YX,EWR,DTW,1.00,2
YX,EWR,MCI,1.00,5
YX,EWR,SDF,1.00,3
YX,ATL,EWR,1.00,3
YX,EWR,SAT,1.00,7
YX,MSP,EWR,1.00,5
YX,EWR,PIT,1.00,2
YX,PIT,EWR,1.00,2
YX,EWR,CLT,1.00,3
YX,SDF,EWR,1.00,3
YX,PIT,EWR,1.00,2
YX,STL,EWR,1.00,4
YX,EWR,CLT,1.00,3
YX,MSP,EWR,1.00,5
YX,CVG,EWR,1.00,3
YX,IND,EWR,1.00,3
YX,SAV,EWR,1.00,3
YX,PIT,EWR,1.00,2
YX,PWM,EWR,1.00,2
YX,EWR,PIT,1.00,2
YX,ORF,EWR,1.00,2
YX,EYW,EWR,1.00,5
YX,EWR,MEM,1.00,4
YX,EWR,CLE,1.00,2
YX,EWR,DTW,1.00,2
YX,MCI,EWR,1.00,5
YX,MYR,EWR,1.00,3
YX,MEM,EWR,1.00,4
YX,EWR,EYW,1.00,5
YX,ROC,EWR,1.00,1
YX,DTW,EWR,1.00,2
YX,SRQ,EWR,1.00,5
YX,CLT,EWR,1.00,3
YX,EWR,JAX,1.00,4
YX,JAX,EWR,1.00,4
YX,EWR,MSP,1.00,5
YX,EWR,IND,1.00,3
YX,EWR,SAV,1.00,3
YX,EWR,PWM,1.00,2
YX,EWR,MYR,1.00,3
YX,EWR,SAV,1.00,3
YX,EWR,RIC,1.00,2
YX,EWR,ORF,1.00,2
YX,EWR,DCA,1.00,1
YX,EWR,CLT,1.00,3
YX,EWR,PIT,1.00,2
YX,EWR,CMH,1.00,2
YX,EWR,MEM,1.00,4
YX,DTW,EWR,1.00,2
YX,EWR,RDU,1.00,2
YX,DCA,EWR,1.00,1
YX,EWR,STL,1.00,4
YX,RDU,EWR,1.00,2
YX,CMH,EWR,1.00,2
YX,CLT,EWR,1.00,3
YX,CLT,EWR,1.00,3
YX,EWR,MSP,1.00,5
YX,SAT,EWR,1.00,7
YX,CLE,EWR,1.00,2
YX,EWR,SRQ,0.00,5
YX,EWR,DTW,0.00,2
YX,EWR,MCI,0.00,5
YX,EWR,SDF,0.00,3
YX,ATL,EWR,1.00,3
YX,EWR,SAT,0.00,7
YX,MSP,EWR,1.00,5
YX,EWR,PIT,1.00,2
YX,PIT,EWR,1.00,2
YX,EWR,CLT,1.00,3
YX,SDF,EWR,0.00,3
YX,PIT,EWR,0.00,2
YX,STL,EWR,1.00,4
YX,EWR,CLT,1.00,3
YX,MSP,EWR,1.00,5
YX,CVG,EWR,1.00,3
YX,IND,EWR,1.00,3
YX,SAV,EWR,0.00,3
YX,PIT,EWR,0.00,2
YX,PWM,EWR,1.00,2
YX,EWR,PIT,1.00,2
YX,ORF,EWR,1.00,2
YX,EYW,EWR,1.00,5
YX,EWR,MEM,0.00,4
YX,EWR,CLE,1.00,2
YX,EWR,DTW,0.00,2
YX,MCI,EWR,1.00,5
YX,MYR,EWR,0.00,3
YX,MEM,EWR,0.00,4
YX,EWR,EYW,0.00,5
YX,ROC,EWR,0.00,1
YX,DTW,EWR,1.00,2
YX,SRQ,EWR,0.00,5
YX,CLT,EWR,1.00,3
YX,EWR,JAX,1.00,4
YX,JAX,EWR,0.00,4
YX,EWR,MSP,1.00,5
YX,EWR,IND,1.00,3
YX,EWR,SAV,0.00,3
YX,EWR,PWM,1.00,2
YX,EWR,MYR,0.00,3
YX,EWR,SAV,0.00,3
YX,EWR,RIC,0.00,2
YX,EWR,ORF,0.00,2
YX,EWR,DCA,1.00,1
YX,EWR,CLT,0.00,3
YX,EWR,PIT,0.00,2
YX,EWR,CMH,1.00,2
YX,EWR,MEM,0.00,4
YX,DTW,EWR,1.00,2
YX,EWR,RDU,0.00,2
YX,DCA,EWR,0.00,1
YX,EWR,STL,0.00,4
YX,RDU,EWR,1.00,2
YX,CMH,EWR,1.00,2
YX,CLT,EWR,0.00,3
YX,CLT,EWR,1.00,3
YX,EWR,MSP,0.00,5
YX,SAT,EWR,0.00,7
YX,CLE,EWR,0.00,2
YX,EWR,SRQ,0.00,5
YX,EWR,DTW,0.00,2
YX,EWR,MCI,0.00,5
YX,EWR,SDF,0.00,3
YX,ATL,EWR,0.00,3
YX,EWR,SAT,0.00,7
YX,MSP,EWR,0.00,5
YX,EWR,PIT,0.00,2
YX,PIT,EWR,0.00,2
YX,EWR,CLT,1.00,3
YX,SDF,EWR,0.00,3
YX,PIT,EWR,0.00,2
YX,STL,EWR,1.00,4
YX,EWR,CLT,1.00,3
YX,MSP,EWR,1.00,5
YX,CVG,EWR,1.00,3
YX,IND,EWR,0.00,3
YX,SAV,EWR,0.00,3
YX,PIT,EWR,0.00,2
YX,PWM,EWR,1.00,2
YX,EWR,PIT,1.00,2
YX,ORF,EWR,0.00,2
YX,EYW,EWR,0.00,5
YX,EWR,MEM,0.00,4
YX,EWR,CLE,0.00,2
YX,EWR,DTW,1.00,2
YX,MCI,EWR,0.00,5
YX,MYR,EWR,1.00,3
YX,MEM,EWR,0.00,4
YX,EWR,EYW,0.00,5
YX,ROC,EWR,0.00,1
YX,DTW,EWR,0.00,2
YX,SRQ,EWR,0.00,5
YX,CLT,EWR,0.00,3
YX,EWR,JAX,1.00,4
YX,JAX,EWR,1.00,4
YX,EWR,MSP,1.00,5
YX,EWR,IND,0.00,3
YX,EWR,SAV,0.00,3
YX,EWR,PWM,1.00,2
YX,EWR,MYR,1.00,3
YX,EWR,SAV,0.00,3
YX,EWR,RIC,0.00,2
YX,EWR,ORF,1.00,2
YX,EWR,DCA,1.00,1
YX,EWR,CLT,0.00,3
YX,EWR,PIT,1.00,2
YX,EWR,CMH,0.00,2
YX,EWR,MEM,0.00,4
YX,DTW,EWR,1.00,2
YX,EWR,RDU,0.00,2
YX,DCA,EWR,1.00,1
YX,EWR,STL,0.00,4
YX,RDU,EWR,0.00,2
YX,CMH,EWR,1.00,2
YX,CLT,EWR,0.00,3
YX,CLT,EWR,0.00,3
YX,EWR,MSP,0.00,5
YX,SAT,EWR,0.00,7
YX,CLE,EWR,0.00,2
YX,EWR,SRQ,0.00,5
YX,EWR,DTW,0.00,2
YX,EWR,MCI,0.00,5
YX,EWR,SDF,0.00,3
YX,ATL,EWR,0.00,3
YX,EWR,SAT,0.00,7
YX,MSP,EWR,1.00,5
YX,EWR,PIT,0.00,2
YX,PIT,EWR,0.00,2
YX,EWR,CLT,1.00,3
YX,SDF,EWR,0.00,3
YX,PIT,EWR,0.00,2
YX,STL,EWR,1.00,4
YX,EWR,CLT,1.00,3
YX,MSP,EWR,0.00,5
YX,CVG,EWR,0.00,3
YX,IND,EWR,0.00,3
YX,SAV,EWR,1.00,3
YX,PIT,EWR,0.00,2
YX,PWM,EWR,1.00,2
YX,EWR,PIT,1.00,2
YX,ORF,EWR,0.00,2
YX,EYW,EWR,0.00,5
YX,EWR,MEM,0.00,4
YX,EWR,CLE,0.00,2
YX,EWR,DTW,0.00,2
YX,MCI,EWR,0.00,5
YX,MYR,EWR,0.00,3
YX,MEM,EWR,0.00,4
YX,EWR,EYW,0.00,5
YX,ROC,EWR,0.00,1
YX,DTW,EWR,0.00,2
YX,SRQ,EWR,0.00,5
YX,CLT,EWR,1.00,3
YX,EWR,JAX,0.00,4
YX,JAX,EWR,0.00,4
YX,EWR,MSP,0.00,5
YX,EWR,IND,1.00,3
YX,EWR,SAV,0.00,3
YX,EWR,PWM,1.00,2
YX,EWR,MYR,0.00,3
YX,EWR,SAV,1.00,3
YX,EWR,RIC,1.00,2
YX,EWR,ORF,0.00,2
YX,EWR,DCA,0.00,1
YX,EWR,CLT,0.00,3
YX,EWR,PIT,0.00,2
YX,EWR,CMH,0.00,2
YX,EWR,MEM,0.00,4
YX,DTW,EWR,1.00,2
YX,EWR,RDU,0.00,2
YX,DCA,EWR,0.00,1
YX,EWR,STL,0.00,4
YX,RDU,EWR,0.00,2
YX,CMH,EWR,0.00,2
YX,CLT,EWR,0.00,3
YX,CLT,EWR,0.00,3
YX,EWR,MSP,1.00,5
YX,SAT,EWR,0.00,7
YX,CLE,EWR,0.00,2
YX,EWR,SRQ,0.00,5
YX,EWR,DTW,1.00,2
YX,EWR,MCI,0.00,5
YX,EWR,SDF,1.00,3
YX,ATL,EWR,0.00,3
YX,EWR,SAT,0.00,7
YX,MSP,EWR,0.00,5
YX,EWR,PIT,0.00,2
YX,PIT,EWR,0.00,2
YX,EWR,CLT,0.00,3
YX,SDF,EWR,0.00,3
YX,PIT,EWR,0.00,2
YX,STL,EWR,1.00,4
YX,EWR,CLT,1.00,3
YX,MSP,EWR,0.00,5
YX,CVG,EWR,0.00,3
YX,IND,EWR,1.00,3
YX,SAV,EWR,1.00,3
YX,PIT,EWR,0.00,2
YX,PWM,EWR,1.00,2
YX,EWR,PIT,0.00,2
YX,ORF,EWR,1.00,2
YX,EYW,EWR,0.00,5
YX,EWR,MEM,0.00,4
YX,EWR,CLE,1.00,2
YX,EWR,DTW,0.00,2
YX,MCI,EWR,0.00,5
YX,MYR,EWR,0.00,3
YX,MEM,EWR,1.00,4
YX,EWR,EYW,0.00,5
YX,ROC,EWR,0.00,1
YX,DTW,EWR,0.00,2
YX,SRQ,EWR,0.00,5
YX,CLT,EWR,1.00,3
YX,EWR,JAX,0.00,4
YX,JAX,EWR,0.00,4
YX,EWR,MSP,0.00,5
YX,EWR,IND,1.00,3
YX,EWR,SAV,0.00,3
YX,EWR,PWM,1.00,2
YX,EWR,MYR,0.00,3
YX,EWR,SAV,0.00,3
YX,EWR,RIC,0.00,2
YX,EWR,ORF,0.00,2
YX,EWR,DCA,0.00,1
YX,EWR,CLT,0.00,3
YX,EWR,PIT,1.00,2
YX,EWR,CMH,1.00,2
YX,EWR,MEM,1.00,4
YX,DTW,EWR,1.00,2
YX,EWR,RDU,0.00,2
YX,DCA,EWR,0.00,1
YX,EWR,STL,0.00,4
YX,RDU,EWR,1.00,2
YX,CMH,EWR,1.00,2
YX,CLT,EWR,1.00,3
YX,CLT,EWR,1.00,3
YX,EWR,MSP,0.00,5
YX,SAT,EWR,0.00,7
YX,CLE,EWR,0.00,2
YX,EWR,SRQ,0.00,5
YX,EWR,DTW,0.00,2
YX,EWR,MCI,0.00,5
YX,EWR,SDF,0.00,3
YX,ATL,EWR,1.00,3
YX,EWR,SAT,0.00,7
YX,MSP,EWR,0.00,5
YX,EWR,PIT,0.00,2
YX,PIT,EWR,1.00,2
YX,EWR,CLT,0.00,3
YX,SDF,EWR,1.00,3
YX,PWM,EWR,1.00,2
YX,PIT,EWR,0.00,2
YX,STL,EWR,0.00,4
YX,EWR,CLT,0.00,3
YX,MSP,EWR,1.00,5
YX,CVG,EWR,0.00,3
YX,IND,EWR,1.00,3
YX,PIT,EWR,0.00,2
YX,PWM,EWR,0.00,2
YX,EWR,PIT,1.00,2
YX,ORF,EWR,0.00,2
YX,EYW,EWR,1.00,5
YX,EWR,MEM,1.00,4
YX,EWR,CLE,0.00,2
YX,EWR,DTW,0.00,2
YX,MCI,EWR,0.00,5
YX,MYR,EWR,0.00,3
YX,MEM,EWR,1.00,4
YX,EWR,EYW,0.00,5
YX,DTW,EWR,0.00,2
YX,SRQ,EWR,0.00,5
YX,CLT,EWR,0.00,3
YX,EWR,JAX,0.00,4
YX,EWR,MSP,0.00,5
YX,EWR,IND,0.00,3
YX,MCI,EWR,0.00,5
YX,EWR,SAV,1.00,3
YX,EWR,PWM,0.00,2
YX,EWR,MYR,0.00,3
YX,EWR,SAV,0.00,3
YX,EWR,RIC,1.00,2
YX,EWR,ORF,1.00,2
YX,EWR,DCA,0.00,1
YX,EWR,CLT,1.00,3
YX,EWR,PIT,0.00,2
YX,EWR,CMH,0.00,2
YX,EWR,MEM,1.00,4
YX,DTW,EWR,0.00,2
YX,EWR,RDU,1.00,2
YX,RDU,EWR,1.00,2
YX,CMH,EWR,1.00,2
YX,CLT,EWR,0.00,3
YX,CLT,EWR,0.00,3
YX,EWR,MSP,0.00,5
YX,SAT,EWR,0.00,7
YX,CLE,EWR,0.00,2
YX,BUF,EWR,0.00,2
